username,label_id,route_id,street_edge_id,neighborhood,label_type,lat,lng,gsv_panorama_id,time_created,severity,temporary,tag_list,description
jonfroehlich,116,1,27789,East Oradell,CurbRamp,40.95323181152344,-74.0179443359375,tw7_pOjIeJmDZOssQNeh7A,2023-08-02 16:29:06.517-07,1,f,,
jonfroehlich,117,1,27789,East Oradell,Crosswalk,40.953285217285156,-74.01792907714844,tw7_pOjIeJmDZOssQNeh7A,2023-08-02 16:29:10.8-07,1,f,,
jonfroehlich,118,1,27789,East Oradell,CurbRamp,40.953338623046875,-74.01795196533203,tw7_pOjIeJmDZOssQNeh7A,2023-08-02 16:29:12.327-07,1,f,,
jonfroehlich,119,1,27959,East Oradell,NoSidewalk,40.95311737060547,-74.01802825927734,tw7_pOjIeJmDZOssQNeh7A,2023-08-02 16:29:18.249-07,,f,,
jonfroehlich,120,1,27959,East Oradell,NoSidewalk,40.95317077636719,-74.01807403564453,tw7_pOjIeJmDZOssQNeh7A,2023-08-02 16:29:19.668-07,,f,,
jonfroehlich,122,1,27961,East Oradell,NoSidewalk,40.95323181152344,-74.01809692382812,tw7_pOjIeJmDZOssQNeh7A,2023-08-02 16:29:22.916-07,,f,,
jonfroehlich,123,1,27961,East Oradell,NoSidewalk,40.95329666137695,-74.01810455322266,tw7_pOjIeJmDZOssQNeh7A,2023-08-02 16:29:24.138-07,,f,,
jonfroehlich,124,1,27961,East Oradell,NoSidewalk,40.95335006713867,-74.01808166503906,tw7_pOjIeJmDZOssQNeh7A,2023-08-02 16:29:25.429-07,,f,,
jonfroehlich,125,1,27789,East Oradell,SurfaceProblem,40.953277587890625,-74.01783752441406,F28rVbZGVg-IieNfJtOymQ,2023-08-02 16:29:37.198-07,2,f,"height difference,cracks",
jonfroehlich,126,1,27789,East Oradell,SurfaceProblem,40.95317459106445,-74.01789855957031,F28rVbZGVg-IieNfJtOymQ,2023-08-02 16:29:45.448-07,2,f,"height difference,cracks",
jonfroehlich,127,1,27959,East Oradell,SurfaceProblem,40.953163146972656,-74.01789093017578,F28rVbZGVg-IieNfJtOymQ,2023-08-02 16:29:48.589-07,2,f,"height difference,uneven/slanted",
jonfroehlich,128,1,27789,East Oradell,SurfaceProblem,40.953269958496094,-74.017822265625,ZccHJPzrQ1RUPh1L6XYL8g,2023-08-02 16:29:59.056-07,3,f,height difference,
jonfroehlich,129,1,27789,East Oradell,SurfaceProblem,40.95326614379883,-74.01780700683594,ZccHJPzrQ1RUPh1L6XYL8g,2023-08-02 16:30:05.324-07,2,f,"height difference,uneven/slanted",
jonfroehlich,130,1,27789,East Oradell,SurfaceProblem,40.953277587890625,-74.01776885986328,ZccHJPzrQ1RUPh1L6XYL8g,2023-08-02 16:30:09.908-07,2,f,"height difference,uneven/slanted",
jonfroehlich,131,1,27789,East Oradell,SurfaceProblem,40.95341491699219,-74.0177230834961,F28rVbZGVg-IieNfJtOymQ,2023-08-02 16:30:37.139-07,3,f,"height difference,uneven/slanted",
jonfroehlich,132,1,27789,East Oradell,SurfaceProblem,40.953304290771484,-74.01773834228516,ZccHJPzrQ1RUPh1L6XYL8g,2023-08-02 16:30:54.186-07,2,f,uneven/slanted,
jonfroehlich,133,1,27789,East Oradell,SurfaceProblem,40.95332717895508,-74.01771545410156,ZccHJPzrQ1RUPh1L6XYL8g,2023-08-02 16:30:59.665-07,2,f,"cracks,uneven/slanted",
jonfroehlich,134,1,27789,East Oradell,SurfaceProblem,40.953311920166016,-74.01765441894531,ZccHJPzrQ1RUPh1L6XYL8g,2023-08-02 16:31:02.8-07,3,f,"height difference,uneven/slanted",
jonfroehlich,135,1,27789,East Oradell,SurfaceProblem,40.95341873168945,-74.01773071289062,ZccHJPzrQ1RUPh1L6XYL8g,2023-08-02 16:31:09.237-07,3,f,"height difference,uneven/slanted",
jonfroehlich,136,1,27789,East Oradell,SurfaceProblem,40.95343780517578,-74.01766204833984,UQhHuH3eWObyn_U07LPO0g,2023-08-02 16:31:18.968-07,2,f,"height difference,uneven/slanted",
jonfroehlich,140,1,27789,East Oradell,SurfaceProblem,40.9533576965332,-74.01756286621094,UQhHuH3eWObyn_U07LPO0g,2023-08-02 16:32:07.786-07,1,f,"height difference,uneven/slanted",
jonfroehlich,137,1,27789,East Oradell,SurfaceProblem,40.95342254638672,-74.01762390136719,UQhHuH3eWObyn_U07LPO0g,2023-08-02 16:31:29.913-07,1,f,height difference,Looks like a height difference but can't tell for sure
jonfroehlich,138,1,27789,East Oradell,SurfaceProblem,40.9534797668457,-74.01750946044922,UQhHuH3eWObyn_U07LPO0g,2023-08-02 16:31:44.162-07,5,f,"height difference,uneven/slanted,very broken",
jonfroehlich,141,1,27789,East Oradell,SurfaceProblem,40.95335006713867,-74.01750183105469,UQhHuH3eWObyn_U07LPO0g,2023-08-02 16:32:10.366-07,1,f,"height difference,uneven/slanted",
jonfroehlich,139,1,27789,East Oradell,SurfaceProblem,40.95335006713867,-74.01760864257812,UQhHuH3eWObyn_U07LPO0g,2023-08-02 16:31:55.048-07,2,f,uneven/slanted,
jonfroehlich,142,1,27789,East Oradell,SurfaceProblem,40.953453063964844,-74.01753997802734,otwfyJkGiUsdzAZkR5Ag0A,2023-08-02 16:32:23.565-07,1,f,"height difference,uneven/slanted",
jonfroehlich,143,1,27789,East Oradell,SurfaceProblem,40.9534797668457,-74.01738739013672,mms_8kQNuOE7QY8BIBQ0Dg,2023-08-02 16:32:40.004-07,2,f,"height difference,uneven/slanted",
jonfroehlich,144,1,27789,East Oradell,SurfaceProblem,40.95351028442383,-74.0173568725586,mms_8kQNuOE7QY8BIBQ0Dg,2023-08-02 16:32:43.091-07,2,f,height difference,
jonfroehlich,145,1,27789,East Oradell,SurfaceProblem,40.953399658203125,-74.01738739013672,mms_8kQNuOE7QY8BIBQ0Dg,2023-08-02 16:32:50.525-07,2,f,"height difference,uneven/slanted",
jonfroehlich,146,1,27789,East Oradell,SurfaceProblem,40.9533805847168,-74.01740264892578,mms_8kQNuOE7QY8BIBQ0Dg,2023-08-02 16:32:54.461-07,2,f,uneven/slanted,
jonfroehlich,147,1,27789,East Oradell,SurfaceProblem,40.95339584350586,-74.01736450195312,mms_8kQNuOE7QY8BIBQ0Dg,2023-08-02 16:32:59.535-07,2,f,uneven/slanted,
jonfroehlich,148,1,27789,East Oradell,SurfaceProblem,40.95340347290039,-74.01728820800781,mms_8kQNuOE7QY8BIBQ0Dg,2023-08-02 16:33:08.071-07,2,f,"height difference,uneven/slanted",
jonfroehlich,149,1,27789,East Oradell,SurfaceProblem,40.953407287597656,-74.01734924316406,mms_8kQNuOE7QY8BIBQ0Dg,2023-08-02 16:33:14.597-07,1,f,height difference,
jonfroehlich,150,1,27789,East Oradell,SurfaceProblem,40.953495025634766,-74.0173110961914,kj4xmvrv97trwK7BOD_r4w,2023-08-02 16:33:23.023-07,2,f,"height difference,uneven/slanted",
jonfroehlich,151,1,27789,East Oradell,SurfaceProblem,40.95338821411133,-74.01737976074219,kj4xmvrv97trwK7BOD_r4w,2023-08-02 16:33:32.523-07,4,f,"height difference,uneven/slanted",
jonfroehlich,152,1,27789,East Oradell,Obstacle,40.953426361083984,-74.01705932617188,vFHIBHYHF5vNqC4jJvlCWA,2023-08-02 16:33:46.414-07,2,t,trash/recycling can,
jonfroehlich,176,1,27789,East Oradell,SurfaceProblem,40.95341110229492,-74.0158920288086,Xy_8LOyv85IVJN8E56SrCg,2023-08-02 16:37:15.331-07,4,f,"height difference,uneven/slanted",
jonfroehlich,153,1,27789,East Oradell,SurfaceProblem,40.953453063964844,-74.01714324951172,vFHIBHYHF5vNqC4jJvlCWA,2023-08-02 16:33:58.49-07,2,f,height difference,
jonfroehlich,154,1,27789,East Oradell,SurfaceProblem,40.95352554321289,-74.01719665527344,vFHIBHYHF5vNqC4jJvlCWA,2023-08-02 16:34:05.934-07,2,f,height difference,
jonfroehlich,155,1,27789,East Oradell,SurfaceProblem,40.95353698730469,-74.01714324951172,xiwlvgh0Ii-ECxKDWPO8bA,2023-08-02 16:34:14.021-07,3,f,"height difference,uneven/slanted",
jonfroehlich,156,1,27789,East Oradell,SurfaceProblem,40.953548431396484,-74.0169906616211,xiwlvgh0Ii-ECxKDWPO8bA,2023-08-02 16:34:24.164-07,2,f,height difference,
jonfroehlich,157,1,27789,East Oradell,SurfaceProblem,40.95354080200195,-74.01701354980469,xiwlvgh0Ii-ECxKDWPO8bA,2023-08-02 16:34:27.299-07,2,f,"height difference,uneven/slanted",
jonfroehlich,158,1,27789,East Oradell,SurfaceProblem,40.95346450805664,-74.01702880859375,xiwlvgh0Ii-ECxKDWPO8bA,2023-08-02 16:34:33.894-07,1,f,cracks,
jonfroehlich,159,1,27789,East Oradell,SurfaceProblem,40.95346450805664,-74.01702880859375,xiwlvgh0Ii-ECxKDWPO8bA,2023-08-02 16:34:35.425-07,1,f,,
jonfroehlich,160,1,27789,East Oradell,SurfaceProblem,40.95344543457031,-74.01699829101562,xiwlvgh0Ii-ECxKDWPO8bA,2023-08-02 16:34:40.201-07,1,f,height difference,
jonfroehlich,161,1,27789,East Oradell,SurfaceProblem,40.953460693359375,-74.01691436767578,0EiCu_Vl6thfIfrUZcf8Yg,2023-08-02 16:34:47.673-07,1,f,cracks,
jonfroehlich,162,1,27789,East Oradell,SurfaceProblem,40.953433990478516,-74.01689147949219,0EiCu_Vl6thfIfrUZcf8Yg,2023-08-02 16:34:51.756-07,1,f,cracks,
jonfroehlich,163,1,27789,East Oradell,SurfaceProblem,40.953426361083984,-74.01685333251953,nz6J6WFKTUEBRkQVULmDtg,2023-08-02 16:35:09.676-07,2,f,"height difference,uneven/slanted",
jonfroehlich,164,1,27789,East Oradell,SurfaceProblem,40.95346450805664,-74.01679229736328,nz6J6WFKTUEBRkQVULmDtg,2023-08-02 16:35:16.399-07,1,f,cracks,
jonfroehlich,165,1,27789,East Oradell,SurfaceProblem,40.95342254638672,-74.01678466796875,l3lkyFCdR2dtcgJIUIYCsQ,2023-08-02 16:35:28.001-07,2,f,"height difference,uneven/slanted",
jonfroehlich,166,1,27789,East Oradell,SurfaceProblem,40.95341873168945,-74.01661682128906,l3lkyFCdR2dtcgJIUIYCsQ,2023-08-02 16:35:35.782-07,2,f,cracks,
jonfroehlich,167,1,27789,East Oradell,SurfaceProblem,40.953426361083984,-74.01641082763672,DgWdkJDO9sXxgCl1AflG-A,2023-08-02 16:35:56.333-07,2,f,"height difference,uneven/slanted",
jonfroehlich,168,1,27789,East Oradell,SurfaceProblem,40.95342254638672,-74.01638793945312,zjy6_7MXvnAUQac9HTeVeA,2023-08-02 16:36:06.086-07,4,f,"height difference,uneven/slanted",
jonfroehlich,169,1,27789,East Oradell,SurfaceProblem,40.95341873168945,-74.01631164550781,q4Ho5fzpmKasffKRvfLIdQ,2023-08-02 16:36:17.729-07,4,f,height difference,
jonfroehlich,170,1,27789,East Oradell,SurfaceProblem,40.953407287597656,-74.01612091064453,q4Ho5fzpmKasffKRvfLIdQ,2023-08-02 16:36:34.339-07,2,f,"height difference,uneven/slanted",
jonfroehlich,171,1,27789,East Oradell,SurfaceProblem,40.95341873168945,-74.01615142822266,66FtDiG_rqb7eUvK0csfag,2023-08-02 16:36:43.413-07,2,f,height difference,
jonfroehlich,172,1,27789,East Oradell,SurfaceProblem,40.95341110229492,-74.01619720458984,66FtDiG_rqb7eUvK0csfag,2023-08-02 16:36:46.653-07,1,f,uneven/slanted,
jonfroehlich,173,1,27789,East Oradell,Obstacle,40.95354461669922,-74.0160140991211,66FtDiG_rqb7eUvK0csfag,2023-08-02 16:36:55.977-07,5,t,construction,
jonfroehlich,174,1,27789,East Oradell,Obstacle,40.95353317260742,-74.01593780517578,66FtDiG_rqb7eUvK0csfag,2023-08-02 16:37:02.752-07,5,t,construction,
jonfroehlich,175,1,27789,East Oradell,SurfaceProblem,40.953407287597656,-74.01597595214844,Xy_8LOyv85IVJN8E56SrCg,2023-08-02 16:37:11.03-07,2,f,uneven/slanted,
jonfroehlich,177,1,27789,East Oradell,Obstacle,40.95341110229492,-74.01576232910156,20YwxIG3DtVRPSNqfB23oA,2023-08-02 16:37:26.852-07,5,f,trash/recycling can,
jonfroehlich,178,1,27789,East Oradell,SurfaceProblem,40.95352554321289,-74.0157470703125,20YwxIG3DtVRPSNqfB23oA,2023-08-02 16:37:35.017-07,5,f,"uneven/slanted,height difference",
jonfroehlich,179,1,27789,East Oradell,SurfaceProblem,40.95354080200195,-74.01582336425781,20YwxIG3DtVRPSNqfB23oA,2023-08-02 16:37:42.621-07,3,f,"height difference,uneven/slanted",
jonfroehlich,180,1,27789,East Oradell,SurfaceProblem,40.95354461669922,-74.01578521728516,20YwxIG3DtVRPSNqfB23oA,2023-08-02 16:37:46.039-07,2,f,uneven/slanted,
jonfroehlich,181,1,27789,East Oradell,Obstacle,40.95351791381836,-74.01567077636719,WYS5beSZlN4HIJ3tcQ6rHA,2023-08-02 16:37:56.588-07,5,f,parked car,
jonfroehlich,182,1,27789,East Oradell,SurfaceProblem,40.953407287597656,-74.01560974121094,6z7UzWAw7rcRXgApF6EVQA,2023-08-02 16:38:19.236-07,3,f,"height difference,uneven/slanted",
jonfroehlich,183,1,27789,East Oradell,SurfaceProblem,40.95340347290039,-74.01553344726562,6z7UzWAw7rcRXgApF6EVQA,2023-08-02 16:38:22.794-07,2,f,height difference,
jonfroehlich,184,1,27789,East Oradell,Obstacle,40.95341110229492,-74.01544189453125,6z7UzWAw7rcRXgApF6EVQA,2023-08-02 16:38:28.754-07,5,f,trash/recycling can,
jonfroehlich,189,1,27789,East Oradell,SurfaceProblem,40.95352554321289,-74.0154037475586,3ADbw40gk-ba5g8ORsocNA,2023-08-02 16:39:12.687-07,3,f,"height difference,uneven/slanted",
jonfroehlich,185,1,27789,East Oradell,Occlusion,40.95352554321289,-74.01557159423828,6z7UzWAw7rcRXgApF6EVQA,2023-08-02 16:38:41.099-07,,f,,
jonfroehlich,186,1,27789,East Oradell,Occlusion,40.953521728515625,-74.0154800415039,6z7UzWAw7rcRXgApF6EVQA,2023-08-02 16:38:42.814-07,,f,,
jonfroehlich,187,1,27789,East Oradell,SurfaceProblem,40.953407287597656,-74.01561737060547,ZS7Ixi3MdPQLzF5d7BaskQ,2023-08-02 16:38:50.977-07,4,f,"height difference,uneven/slanted,very broken",
jonfroehlich,188,1,27789,East Oradell,SurfaceProblem,40.953529357910156,-74.01525115966797,3ADbw40gk-ba5g8ORsocNA,2023-08-02 16:39:04.758-07,2,f,height difference,
jonfroehlich,194,1,27789,East Oradell,SurfaceProblem,40.95341873168945,-74.01526641845703,yOs9Db_efNmL3Y9-b9-LvA,2023-08-02 16:39:48.287-07,2,f,uneven/slanted,
jonfroehlich,190,1,27789,East Oradell,SurfaceProblem,40.95350646972656,-74.01534271240234,3ADbw40gk-ba5g8ORsocNA,2023-08-02 16:39:25.388-07,1,f,bumpy,
jonfroehlich,191,1,27789,East Oradell,SurfaceProblem,40.95341110229492,-74.0153579711914,yOs9Db_efNmL3Y9-b9-LvA,2023-08-02 16:39:35.144-07,2,f,height difference,
jonfroehlich,192,1,27789,East Oradell,SurfaceProblem,40.953407287597656,-74.01531982421875,yOs9Db_efNmL3Y9-b9-LvA,2023-08-02 16:39:37.326-07,2,f,height difference,
jonfroehlich,193,1,27789,East Oradell,SurfaceProblem,40.95341873168945,-74.01528930664062,yOs9Db_efNmL3Y9-b9-LvA,2023-08-02 16:39:40.063-07,2,f,height difference,
jonfroehlich,195,1,27789,East Oradell,SurfaceProblem,40.953529357910156,-74.01529693603516,yOs9Db_efNmL3Y9-b9-LvA,2023-08-02 16:40:02.136-07,1,f,"uneven/slanted,height difference",
jonfroehlich,196,1,27789,East Oradell,SurfaceProblem,40.95352554321289,-74.0154037475586,yOs9Db_efNmL3Y9-b9-LvA,2023-08-02 16:40:06.311-07,4,f,uneven/slanted,
jonfroehlich,197,1,27789,East Oradell,SurfaceProblem,40.95340347290039,-74.01521301269531,yOs9Db_efNmL3Y9-b9-LvA,2023-08-02 16:40:13.506-07,1,f,uneven/slanted,
jonfroehlich,198,1,27789,East Oradell,SurfaceProblem,40.95341873168945,-74.01519775390625,yOs9Db_efNmL3Y9-b9-LvA,2023-08-02 16:40:20.297-07,1,f,"height difference,uneven/slanted",
jonfroehlich,199,1,27789,East Oradell,SurfaceProblem,40.95344924926758,-74.01522064208984,yOs9Db_efNmL3Y9-b9-LvA,2023-08-02 16:40:22.924-07,1,f,"height difference,uneven/slanted",
jonfroehlich,200,1,27789,East Oradell,SurfaceProblem,40.95341110229492,-74.01509094238281,OKtVBP-gwpwoI2QGyv4uXw,2023-08-02 16:40:29.741-07,2,f,"height difference,uneven/slanted",
jonfroehlich,201,1,27789,East Oradell,SurfaceProblem,40.9535026550293,-74.01512145996094,OKtVBP-gwpwoI2QGyv4uXw,2023-08-02 16:40:38.287-07,2,f,"height difference,grass",
jonfroehlich,202,1,27789,East Oradell,SurfaceProblem,40.95343780517578,-74.0151138305664,OKtVBP-gwpwoI2QGyv4uXw,2023-08-02 16:40:54.977-07,1,f,cracks,
jonfroehlich,203,1,27789,East Oradell,SurfaceProblem,40.95341873168945,-74.01502227783203,Z904uTy2ELtVfDlqzgASgw,2023-08-02 16:41:00.395-07,2,f,uneven/slanted,
jonfroehlich,204,1,27789,East Oradell,SurfaceProblem,40.95339584350586,-74.0149917602539,OKtVBP-gwpwoI2QGyv4uXw,2023-08-02 16:41:05.84-07,2,f,"height difference,uneven/slanted",
jonfroehlich,205,1,27789,East Oradell,SurfaceProblem,40.953407287597656,-74.01493072509766,OKtVBP-gwpwoI2QGyv4uXw,2023-08-02 16:41:09.247-07,2,f,"height difference,uneven/slanted",
jonfroehlich,206,1,27789,East Oradell,SurfaceProblem,40.95353317260742,-74.01512908935547,Z904uTy2ELtVfDlqzgASgw,2023-08-02 16:41:19.394-07,2,f,height difference,
jonfroehlich,209,1,27789,East Oradell,SurfaceProblem,40.95341491699219,-74.01499938964844,Z904uTy2ELtVfDlqzgASgw,2023-08-02 16:41:37.576-07,1,f,height difference,
jonfroehlich,207,1,27789,East Oradell,SurfaceProblem,40.95340347290039,-74.0149154663086,Z904uTy2ELtVfDlqzgASgw,2023-08-02 16:41:27.473-07,2,f,height difference,
jonfroehlich,208,1,27789,East Oradell,SurfaceProblem,40.953392028808594,-74.0148696899414,Z904uTy2ELtVfDlqzgASgw,2023-08-02 16:41:29.93-07,3,f,"height difference,uneven/slanted",
jonfroehlich,211,1,27655,East Oradell,CurbRamp,40.95352554321289,-74.01458740234375,K91xNhf5hU65AqkTVBxtlw,2023-08-02 16:41:58.961-07,2,f,points into traffic,
jonfroehlich,222,1,27822,East Oradell,CurbRamp,40.95335006713867,-74.0135269165039,SH8HzbLIIZ5lcaHdLW-qhg,2023-08-02 16:44:19.9-07,1,f,,
jonfroehlich,212,1,27655,East Oradell,CurbRamp,40.953495025634766,-74.01446533203125,K91xNhf5hU65AqkTVBxtlw,2023-08-02 16:42:03.441-07,2,f,points into traffic,
jonfroehlich,214,1,27789,East Oradell,NoCurbRamp,40.95343780517578,-74.01461791992188,K91xNhf5hU65AqkTVBxtlw,2023-08-02 16:42:24.694-07,4,f,alternate route present,
jonfroehlich,220,1,27792,East Oradell,NoCurbRamp,40.95341873168945,-74.013671875,gJSuFrzY6GZfxHyUO-sIjg,2023-08-02 16:44:11.024-07,4,f,alternate route present,
jonfroehlich,221,1,27792,East Oradell,CurbRamp,40.95341110229492,-74.01363372802734,SH8HzbLIIZ5lcaHdLW-qhg,2023-08-02 16:44:16.616-07,1,f,,
jonfroehlich,210,1,27789,East Oradell,SurfaceProblem,40.95341491699219,-74.01468658447266,K91xNhf5hU65AqkTVBxtlw,2023-08-02 16:41:53.791-07,1,f,height difference,
jonfroehlich,213,1,27792,East Oradell,NoCurbRamp,40.953426361083984,-74.01447296142578,K91xNhf5hU65AqkTVBxtlw,2023-08-02 16:42:10.205-07,4,f,alternate route present,Can use driveway
jonfroehlich,217,1,27792,East Oradell,SurfaceProblem,40.953426361083984,-74.01390838623047,Dmfr6ZUPVL3SgxoZlR5aQQ,2023-08-02 16:43:46.364-07,2,f,"height difference,uneven/slanted",
jonfroehlich,223,1,27791,East Oradell,CurbRamp,40.95338439941406,-74.01348876953125,SH8HzbLIIZ5lcaHdLW-qhg,2023-08-02 16:44:20.857-07,1,f,,
jonfroehlich,215,1,27789,East Oradell,NoCurbRamp,40.95350646972656,-74.01463317871094,7rDoPeMv-_QIUdPP-7cL9w,2023-08-02 16:42:34.934-07,3,f,,Diagonal curb ramp exists
jonfroehlich,216,1,27792,East Oradell,CurbRamp,40.9535026550293,-74.01441192626953,7rDoPeMv-_QIUdPP-7cL9w,2023-08-02 16:43:02.477-07,2,f,,
jonfroehlich,218,1,27792,East Oradell,Obstacle,40.95341873168945,-74.01398468017578,z2t0c47Jazl961EXlC0mXQ,2023-08-02 16:43:56.214-07,1,f,vegetation,
jonfroehlich,219,1,27792,East Oradell,NoCurbRamp,40.95349884033203,-74.01363372802734,gJSuFrzY6GZfxHyUO-sIjg,2023-08-02 16:44:06.929-07,4,f,alternate route present,
jonfroehlich,224,1,27791,East Oradell,CurbRamp,40.95347213745117,-74.01350402832031,SH8HzbLIIZ5lcaHdLW-qhg,2023-08-02 16:44:22.607-07,1,f,,
jonfroehlich,289,2,27993,West Oradell,NoCurbRamp,40.96302032470703,-74.04724884033203,ccWzSmHBAso6NCzw21zNnA,2023-08-03 15:59:38.077-07,5,f,,
jonfroehlich,290,2,27993,West Oradell,NoCurbRamp,40.96308517456055,-74.04720306396484,ccWzSmHBAso6NCzw21zNnA,2023-08-03 15:59:41.093-07,3,f,alternate route present,Can use driveway
jonfroehlich,291,2,27993,West Oradell,NoCurbRamp,40.96297073364258,-74.04722595214844,ccWzSmHBAso6NCzw21zNnA,2023-08-03 16:00:12.388-07,5,f,no alternate route,
jonfroehlich,292,2,27992,West Oradell,NoCurbRamp,40.96293258666992,-74.04710388183594,ccWzSmHBAso6NCzw21zNnA,2023-08-03 16:00:16.84-07,5,f,no alternate route,
jonfroehlich,293,2,27992,West Oradell,NoCurbRamp,40.962955474853516,-74.04704284667969,ccWzSmHBAso6NCzw21zNnA,2023-08-03 16:00:21.68-07,5,f,no alternate route,
jonfroehlich,294,2,27992,West Oradell,NoCurbRamp,40.963035583496094,-74.0469970703125,ccWzSmHBAso6NCzw21zNnA,2023-08-03 16:00:25.781-07,5,f,no alternate route,
jonfroehlich,295,2,27992,West Oradell,Obstacle,40.96302032470703,-74.04690551757812,ccWzSmHBAso6NCzw21zNnA,2023-08-03 16:00:34.836-07,5,f,trash/recycling can,
jonfroehlich,296,2,27717,West Oradell,SurfaceProblem,40.962894439697266,-74.04710388183594,ccWzSmHBAso6NCzw21zNnA,2023-08-03 16:00:43.001-07,1,f,grass,
jonfroehlich,297,2,27992,West Oradell,SurfaceProblem,40.96290969848633,-74.0470962524414,ccWzSmHBAso6NCzw21zNnA,2023-08-03 16:00:45.298-07,1,f,grass,
jonfroehlich,298,2,27992,West Oradell,SurfaceProblem,40.96293640136719,-74.04708099365234,ccWzSmHBAso6NCzw21zNnA,2023-08-03 16:00:47.341-07,1,f,grass,
jonfroehlich,299,2,27992,West Oradell,SurfaceProblem,40.96294021606445,-74.04705047607422,ccWzSmHBAso6NCzw21zNnA,2023-08-03 16:00:50.505-07,1,f,grass,
jonfroehlich,300,2,27992,West Oradell,SurfaceProblem,40.96293640136719,-74.04703521728516,ccWzSmHBAso6NCzw21zNnA,2023-08-03 16:00:52.853-07,1,f,grass,
jonfroehlich,301,2,27992,West Oradell,SurfaceProblem,40.96293258666992,-74.0470199584961,ccWzSmHBAso6NCzw21zNnA,2023-08-03 16:00:55.022-07,1,f,grass,
jonfroehlich,302,2,27992,West Oradell,SurfaceProblem,40.96292495727539,-74.0469970703125,ccWzSmHBAso6NCzw21zNnA,2023-08-03 16:00:56.948-07,1,f,grass,
jonfroehlich,303,2,27992,West Oradell,SurfaceProblem,40.962921142578125,-74.04698944091797,ccWzSmHBAso6NCzw21zNnA,2023-08-03 16:00:58.811-07,1,f,grass,
jonfroehlich,304,2,27992,West Oradell,SurfaceProblem,40.962921142578125,-74.0469741821289,ccWzSmHBAso6NCzw21zNnA,2023-08-03 16:01:01.175-07,1,f,grass,
jonfroehlich,305,2,27992,West Oradell,SurfaceProblem,40.962913513183594,-74.04698181152344,rxXnQpUKhArhVoIBlnWPPA,2023-08-03 16:01:27.808-07,1,f,grass,
jonfroehlich,306,2,27992,West Oradell,SurfaceProblem,40.9629020690918,-74.04692840576172,rxXnQpUKhArhVoIBlnWPPA,2023-08-03 16:01:33.03-07,1,f,"grass,narrow sidewalk",
jonfroehlich,307,2,27992,West Oradell,Obstacle,40.96302032470703,-74.04689025878906,rxXnQpUKhArhVoIBlnWPPA,2023-08-03 16:01:42.218-07,,f,trash/recycling can,
jonfroehlich,308,2,27992,West Oradell,SurfaceProblem,40.96290969848633,-74.04691314697266,_CxVHsZ6tEwd64c6N-imyA,2023-08-03 16:01:52.761-07,1,f,grass,
jonfroehlich,309,2,27992,West Oradell,SurfaceProblem,40.9629020690918,-74.0468978881836,_CxVHsZ6tEwd64c6N-imyA,2023-08-03 16:01:55.708-07,1,f,grass,
jonfroehlich,310,2,27992,West Oradell,SurfaceProblem,40.962894439697266,-74.04688262939453,_CxVHsZ6tEwd64c6N-imyA,2023-08-03 16:01:58.391-07,1,f,"grass,narrow sidewalk",
jonfroehlich,311,2,27992,West Oradell,SurfaceProblem,40.962928771972656,-74.04653930664062,d5nhPjT_14P5uBGfheDO_w,2023-08-03 16:02:28.487-07,1,f,"height difference,uneven/slanted",
jonfroehlich,312,2,27992,West Oradell,Obstacle,40.962890625,-74.04603576660156,dQ_bUXETRgyeaM_56Y65ow,2023-08-03 16:03:05.875-07,1,f,vegetation,Probably shouldn't label this one :P
jonfroehlich,313,2,27992,West Oradell,Obstacle,40.96287155151367,-74.04595184326172,dQ_bUXETRgyeaM_56Y65ow,2023-08-03 16:03:19.866-07,1,f,vegetation,
jonfroehlich,314,2,27992,West Oradell,SurfaceProblem,40.96280288696289,-74.046142578125,dQ_bUXETRgyeaM_56Y65ow,2023-08-03 16:03:25.334-07,1,f,"height difference,uneven/slanted",
jonfroehlich,315,2,27992,West Oradell,SurfaceProblem,40.96281433105469,-74.04611206054688,dQ_bUXETRgyeaM_56Y65ow,2023-08-03 16:03:27.573-07,1,f,height difference,
jonfroehlich,316,2,27992,West Oradell,NoCurbRamp,40.962799072265625,-74.04610443115234,PBfcO_Wz0TqeDYyRw9UgBw,2023-08-03 16:03:40.419-07,5,f,no alternate route,
jonfroehlich,317,2,27992,West Oradell,NoCurbRamp,40.96287155151367,-74.04605102539062,PBfcO_Wz0TqeDYyRw9UgBw,2023-08-03 16:03:43.27-07,4,f,alternate route present,Can use driveway
jonfroehlich,318,2,27992,West Oradell,NoCurbRamp,40.96272659301758,-74.04605102539062,PBfcO_Wz0TqeDYyRw9UgBw,2023-08-03 16:03:52.967-07,5,f,no alternate route,
jonfroehlich,319,2,27683,West Oradell,NoCurbRamp,40.96269226074219,-74.04594421386719,PBfcO_Wz0TqeDYyRw9UgBw,2023-08-03 16:03:58.748-07,5,f,no alternate route,
jonfroehlich,320,2,27991,West Oradell,NoCurbRamp,40.96272277832031,-74.04586029052734,PBfcO_Wz0TqeDYyRw9UgBw,2023-08-03 16:04:04.068-07,5,f,no alternate route,
jonfroehlich,321,2,27991,West Oradell,Occlusion,40.96281433105469,-74.04582977294922,PBfcO_Wz0TqeDYyRw9UgBw,2023-08-03 16:04:08.776-07,,f,,
jonfroehlich,322,2,27991,West Oradell,NoCurbRamp,40.96281814575195,-74.04584503173828,TMVzxqV9lTNF_BDC0jqWJQ,2023-08-03 16:04:16.07-07,5,f,no alternate route,
jonfroehlich,323,2,27991,West Oradell,NoCurbRamp,40.962799072265625,-74.04581451416016,PBfcO_Wz0TqeDYyRw9UgBw,2023-08-03 16:04:25.991-07,5,f,no alternate route,
jonfroehlich,324,2,27683,West Oradell,SurfaceProblem,40.96261978149414,-74.04597473144531,zc1PGgjjFJTY02dejdnQqg,2023-08-03 16:04:49.108-07,3,f,"height difference,uneven/slanted",
jonfroehlich,325,2,27683,West Oradell,SurfaceProblem,40.96261215209961,-74.0461196899414,uxU7V6NDCd8QDCEONoBlrA,2023-08-03 16:04:57.829-07,2,f,"height difference,uneven/slanted",
jonfroehlich,326,2,27683,West Oradell,SurfaceProblem,40.96259307861328,-74.0461196899414,uxU7V6NDCd8QDCEONoBlrA,2023-08-03 16:05:01.926-07,1,f,"height difference,uneven/slanted",
jonfroehlich,327,2,27683,West Oradell,SurfaceProblem,40.96257019042969,-74.0461196899414,uxU7V6NDCd8QDCEONoBlrA,2023-08-03 16:05:08.156-07,1,f,cracks,
jonfroehlich,328,2,27683,West Oradell,SurfaceProblem,40.96236801147461,-74.04608917236328,Md3eqZvYHh3WvTL2OpXK2g,2023-08-03 16:05:19.588-07,4,f,"height difference,uneven/slanted",
jonfroehlich,329,2,27683,West Oradell,SurfaceProblem,40.96247863769531,-74.046142578125,Md3eqZvYHh3WvTL2OpXK2g,2023-08-03 16:05:28.101-07,1,f,height difference,
jonfroehlich,330,2,27683,West Oradell,SurfaceProblem,40.96247863769531,-74.046142578125,Md3eqZvYHh3WvTL2OpXK2g,2023-08-03 16:05:32.92-07,1,f,"height difference,uneven/slanted",
jonfroehlich,331,2,27683,West Oradell,SurfaceProblem,40.96247863769531,-74.046142578125,Md3eqZvYHh3WvTL2OpXK2g,2023-08-03 16:05:35.295-07,1,f,"height difference,cracks",
jonfroehlich,332,2,27683,West Oradell,SurfaceProblem,40.962440490722656,-74.04620361328125,Md3eqZvYHh3WvTL2OpXK2g,2023-08-03 16:05:41.07-07,1,f,height difference,
jonfroehlich,333,2,27683,West Oradell,SurfaceProblem,40.962425231933594,-74.04621887207031,Md3eqZvYHh3WvTL2OpXK2g,2023-08-03 16:05:43.27-07,2,f,height difference,
jonfroehlich,334,2,27683,West Oradell,SurfaceProblem,40.962425231933594,-74.04620361328125,XRO2gEqvtiAPI93FkAlRQg,2023-08-03 16:05:53.899-07,2,f,"height difference,cracks",
jonfroehlich,335,2,27683,West Oradell,SurfaceProblem,40.96232986450195,-74.0462646484375,XRO2gEqvtiAPI93FkAlRQg,2023-08-03 16:06:10.15-07,1,f,"height difference,uneven/slanted",
jonfroehlich,336,2,27683,West Oradell,SurfaceProblem,40.96230697631836,-74.0462417602539,Nu2fRBShYzcZ9ewiu_-dJQ,2023-08-03 16:06:19.757-07,1,f,height difference,
jonfroehlich,337,2,27683,West Oradell,SurfaceProblem,40.96234893798828,-74.04608917236328,Nu2fRBShYzcZ9ewiu_-dJQ,2023-08-03 16:06:42.66-07,1,f,height difference,
jonfroehlich,338,2,27683,West Oradell,SurfaceProblem,40.96233367919922,-74.04611206054688,Nu2fRBShYzcZ9ewiu_-dJQ,2023-08-03 16:06:45.092-07,1,f,height difference,
jonfroehlich,339,2,27683,West Oradell,SurfaceProblem,40.962158203125,-74.04618835449219,gN8s5HgPi0O3wCFQA6NubA,2023-08-03 16:06:55.525-07,2,f,"height difference,uneven/slanted",
jonfroehlich,340,2,27683,West Oradell,SurfaceProblem,40.96220016479492,-74.04619598388672,gN8s5HgPi0O3wCFQA6NubA,2023-08-03 16:06:58.404-07,1,f,height difference,
jonfroehlich,341,2,27683,West Oradell,SurfaceProblem,40.96231460571289,-74.04622650146484,Nu2fRBShYzcZ9ewiu_-dJQ,2023-08-03 16:07:10.187-07,1,f,"grass,cracks",
jonfroehlich,342,2,27683,West Oradell,SurfaceProblem,40.9621467590332,-74.04633331298828,WorjtSpgBtst6NBzhB83Fw,2023-08-03 16:07:29.865-07,1,f,cracks,
jonfroehlich,343,2,27683,West Oradell,SurfaceProblem,40.962135314941406,-74.04634857177734,WorjtSpgBtst6NBzhB83Fw,2023-08-03 16:07:31.839-07,1,f,cracks,
jonfroehlich,344,2,27683,West Oradell,SurfaceProblem,40.96214294433594,-74.04633331298828,WorjtSpgBtst6NBzhB83Fw,2023-08-03 16:07:35.546-07,1,f,bumpy,
jonfroehlich,345,2,27683,West Oradell,SurfaceProblem,40.96208953857422,-74.04619598388672,WorjtSpgBtst6NBzhB83Fw,2023-08-03 16:07:51.143-07,2,f,"height difference,uneven/slanted",
jonfroehlich,346,2,27683,West Oradell,SurfaceProblem,40.96211242675781,-74.04620361328125,CBjDTXC0FVYFwXiwOBCCpA,2023-08-03 16:07:57.605-07,1,f,uneven/slanted,
jonfroehlich,347,2,27683,West Oradell,NoCurbRamp,40.96210479736328,-74.04622650146484,CBjDTXC0FVYFwXiwOBCCpA,2023-08-03 16:08:04.301-07,5,f,no alternate route,
jonfroehlich,348,2,27683,West Oradell,NoCurbRamp,40.962120056152344,-74.04634094238281,CBjDTXC0FVYFwXiwOBCCpA,2023-08-03 16:08:07.932-07,4,f,alternate route present,Can use driveway
jonfroehlich,349,2,27906,West Oradell,NoCurbRamp,40.96193313598633,-74.04619598388672,CBjDTXC0FVYFwXiwOBCCpA,2023-08-03 16:08:15.888-07,5,f,no alternate route,
jonfroehlich,351,2,27682,West Oradell,NoCurbRamp,40.96192932128906,-74.04634857177734,CBjDTXC0FVYFwXiwOBCCpA,2023-08-03 16:08:24.965-07,5,f,no alternate route,
jonfroehlich,350,2,27682,West Oradell,NoCurbRamp,40.961910247802734,-74.0462646484375,CBjDTXC0FVYFwXiwOBCCpA,2023-08-03 16:08:19.583-07,5,f,no alternate route,
jonfroehlich,353,2,27682,West Oradell,SurfaceProblem,40.961971282958984,-74.04638671875,CBjDTXC0FVYFwXiwOBCCpA,2023-08-03 16:08:33.418-07,1,f,grass,
jonfroehlich,354,2,27683,West Oradell,SurfaceProblem,40.96223449707031,-74.04627990722656,gN8s5HgPi0O3wCFQA6NubA,2023-08-03 16:08:45.865-07,1,f,"height difference,uneven/slanted",
jonfroehlich,352,2,27682,West Oradell,SurfaceProblem,40.96198654174805,-74.04638671875,CBjDTXC0FVYFwXiwOBCCpA,2023-08-03 16:08:30.935-07,1,f,grass,
jonfroehlich,355,2,27682,West Oradell,SurfaceProblem,40.961978912353516,-74.04637145996094,7UIDiiVIKkFoZzOZrAUQsA,2023-08-03 16:08:59.528-07,1,f,grass,
jonfroehlich,356,2,27682,West Oradell,SurfaceProblem,40.96194839477539,-74.0463638305664,7UIDiiVIKkFoZzOZrAUQsA,2023-08-03 16:09:02.508-07,1,f,grass,
jonfroehlich,357,2,27682,West Oradell,SurfaceProblem,40.9619255065918,-74.04637908935547,7UIDiiVIKkFoZzOZrAUQsA,2023-08-03 16:09:05.371-07,1,f,grass,
jonfroehlich,358,2,27682,West Oradell,SurfaceProblem,40.96190643310547,-74.04637908935547,7UIDiiVIKkFoZzOZrAUQsA,2023-08-03 16:09:07.949-07,1,f,grass,
jonfroehlich,359,2,27682,West Oradell,SurfaceProblem,40.961891174316406,-74.04638671875,7UIDiiVIKkFoZzOZrAUQsA,2023-08-03 16:09:09.6-07,1,f,height difference,
jonfroehlich,360,2,27682,West Oradell,NoSidewalk,40.96186065673828,-74.04638671875,7UIDiiVIKkFoZzOZrAUQsA,2023-08-03 16:09:14.959-07,5,f,ends abruptly,
jonfroehlich,361,2,27683,West Oradell,NoCurbRamp,40.9620475769043,-74.04619598388672,1c0Er0EMis2usMJUQ27XBA,2023-08-03 16:09:35.948-07,5,f,no alternate route,
jonfroehlich,362,2,27906,West Oradell,SurfaceProblem,40.96186828613281,-74.04584503173828,gq9OjVzw2XADxyPpTFErIw,2023-08-03 16:10:08.471-07,1,f,grass,
jonfroehlich,363,2,27906,West Oradell,Occlusion,40.96194839477539,-74.04586029052734,gq9OjVzw2XADxyPpTFErIw,2023-08-03 16:10:15.268-07,,f,,
jonfroehlich,364,2,27906,West Oradell,SurfaceProblem,40.9619255065918,-74.0457992553711,gq9OjVzw2XADxyPpTFErIw,2023-08-03 16:10:17.99-07,2,f,"height difference,uneven/slanted",
jonfroehlich,365,2,27906,West Oradell,SurfaceProblem,40.9619255065918,-74.04581451416016,gq9OjVzw2XADxyPpTFErIw,2023-08-03 16:10:20.743-07,1,f,grass,
jonfroehlich,366,2,27906,West Oradell,SurfaceProblem,40.96189498901367,-74.04563903808594,7lIjgo31MNAKj9iZyIoxKQ,2023-08-03 16:10:28.804-07,1,f,height difference,
jonfroehlich,367,2,27906,West Oradell,SurfaceProblem,40.961891174316406,-74.04566955566406,7lIjgo31MNAKj9iZyIoxKQ,2023-08-03 16:10:31.451-07,1,f,height difference,
jonfroehlich,368,2,27906,West Oradell,SurfaceProblem,40.96187973022461,-74.04557800292969,7lIjgo31MNAKj9iZyIoxKQ,2023-08-03 16:10:45.896-07,1,f,height difference,
jonfroehlich,369,2,27906,West Oradell,SurfaceProblem,40.961883544921875,-74.04559326171875,7lIjgo31MNAKj9iZyIoxKQ,2023-08-03 16:10:48.42-07,1,f,"height difference,uneven/slanted",
jonfroehlich,371,2,27906,West Oradell,SurfaceProblem,40.96175003051758,-74.0455551147461,BHgGs-pPTwIhYBOXvbja2Q,2023-08-03 16:11:03.823-07,1,f,"height difference,uneven/slanted",
jonfroehlich,372,2,27906,West Oradell,SurfaceProblem,40.96184539794922,-74.04547882080078,KWAb6Kbbiu57HWBCZYMqQg,2023-08-03 16:11:14.897-07,1,f,"height difference,uneven/slanted",
jonfroehlich,373,2,27906,West Oradell,SurfaceProblem,40.96175765991211,-74.0451889038086,NHkBzprzzIVAL22eMts8pQ,2023-08-03 16:11:36.323-07,2,f,height difference,
jonfroehlich,374,2,27906,West Oradell,NoSidewalk,40.961734771728516,-74.04509735107422,XxhFYNy5d2gDryEehwI0pw,2023-08-03 16:11:43.598-07,5,f,ends abruptly,
jonfroehlich,375,2,27906,West Oradell,SurfaceProblem,40.961673736572266,-74.04515075683594,XxhFYNy5d2gDryEehwI0pw,2023-08-03 16:11:53.714-07,1,f,"height difference,uneven/slanted",
jonfroehlich,376,2,27906,West Oradell,NoSidewalk,40.961734771728516,-74.04505157470703,jbSm00xNUQ7IExsUxn-bGw,2023-08-03 16:12:03.693-07,,f,,
jonfroehlich,377,2,27906,West Oradell,NoSidewalk,40.96171188354492,-74.04500579833984,jbSm00xNUQ7IExsUxn-bGw,2023-08-03 16:12:04.773-07,,f,,
jonfroehlich,378,2,27906,West Oradell,NoSidewalk,40.96170425415039,-74.04492950439453,jbSm00xNUQ7IExsUxn-bGw,2023-08-03 16:12:05.485-07,,f,,
jonfroehlich,379,2,27906,West Oradell,NoSidewalk,40.961666107177734,-74.04486083984375,jbSm00xNUQ7IExsUxn-bGw,2023-08-03 16:12:06.283-07,,f,,
jonfroehlich,380,2,27906,West Oradell,SurfaceProblem,40.96162033081055,-74.04493713378906,6FU99vKO7xnzj8Se7uNcgA,2023-08-03 16:12:13.838-07,1,f,cracks,
jonfroehlich,381,2,27906,West Oradell,NoSidewalk,40.96167755126953,-74.04487609863281,6FU99vKO7xnzj8Se7uNcgA,2023-08-03 16:12:27.536-07,,f,,
jonfroehlich,382,2,27906,West Oradell,NoSidewalk,40.96166229248047,-74.0447998046875,6FU99vKO7xnzj8Se7uNcgA,2023-08-03 16:12:28.021-07,,f,,
jonfroehlich,383,2,27906,West Oradell,NoSidewalk,40.961631774902344,-74.04475402832031,6FU99vKO7xnzj8Se7uNcgA,2023-08-03 16:12:29.364-07,,f,,
jonfroehlich,384,2,27906,West Oradell,NoSidewalk,40.96160888671875,-74.04471588134766,6FU99vKO7xnzj8Se7uNcgA,2023-08-03 16:12:29.962-07,,f,,
jonfroehlich,385,2,27906,West Oradell,SurfaceProblem,40.96156692504883,-74.04488372802734,6FU99vKO7xnzj8Se7uNcgA,2023-08-03 16:12:39.982-07,2,f,"uneven/slanted,height difference",
jonfroehlich,386,2,27906,West Oradell,SurfaceProblem,40.961551666259766,-74.04481506347656,gSwne4tFpxX3bdWv9DAHPw,2023-08-03 16:13:02.966-07,1,f,height difference,
jonfroehlich,387,2,27906,West Oradell,SurfaceProblem,40.961551666259766,-74.04473876953125,gSwne4tFpxX3bdWv9DAHPw,2023-08-03 16:13:05.854-07,2,f,"height difference,uneven/slanted",
jonfroehlich,388,2,27906,West Oradell,SurfaceProblem,40.96156692504883,-74.04470825195312,gSwne4tFpxX3bdWv9DAHPw,2023-08-03 16:13:08.683-07,2,f,"uneven/slanted,height difference,narrow sidewalk",
jonfroehlich,404,2,27906,West Oradell,NoSidewalk,40.96151351928711,-74.04423522949219,wxzyD8Jp5ADJaQ7JEWPOAQ,2023-08-03 16:13:59.98-07,,f,,
jonfroehlich,389,2,27906,West Oradell,NoSidewalk,40.96165466308594,-74.04483795166016,gSwne4tFpxX3bdWv9DAHPw,2023-08-03 16:13:24.601-07,,f,,
jonfroehlich,390,2,27906,West Oradell,NoSidewalk,40.961639404296875,-74.04473114013672,gSwne4tFpxX3bdWv9DAHPw,2023-08-03 16:13:25.811-07,,f,,
jonfroehlich,391,2,27906,West Oradell,NoSidewalk,40.96162033081055,-74.04466247558594,gSwne4tFpxX3bdWv9DAHPw,2023-08-03 16:13:26.339-07,,f,,
jonfroehlich,392,2,27906,West Oradell,NoSidewalk,40.961605072021484,-74.04458618164062,gSwne4tFpxX3bdWv9DAHPw,2023-08-03 16:13:28.212-07,,f,,
jonfroehlich,393,2,27906,West Oradell,NoSidewalk,40.961578369140625,-74.04454040527344,gSwne4tFpxX3bdWv9DAHPw,2023-08-03 16:13:28.696-07,,f,,
jonfroehlich,394,2,27906,West Oradell,NoSidewalk,40.96155548095703,-74.04449462890625,gSwne4tFpxX3bdWv9DAHPw,2023-08-03 16:13:29.249-07,,f,,
jonfroehlich,395,2,27906,West Oradell,NoSidewalk,40.961585998535156,-74.04450988769531,2Szlua95qW0lAs9dyb9Mkg,2023-08-03 16:13:35.774-07,,f,,
jonfroehlich,396,2,27906,West Oradell,NoSidewalk,40.96156692504883,-74.04444122314453,2Szlua95qW0lAs9dyb9Mkg,2023-08-03 16:13:36.682-07,,f,,
jonfroehlich,397,2,27906,West Oradell,NoSidewalk,40.9615478515625,-74.04436492919922,E-owxkSAmftfbNFTTD44yQ,2023-08-03 16:13:42.065-07,,f,,
jonfroehlich,398,2,27906,West Oradell,NoSidewalk,40.961517333984375,-74.04429626464844,E-owxkSAmftfbNFTTD44yQ,2023-08-03 16:13:42.786-07,,f,,
jonfroehlich,399,2,27906,West Oradell,NoSidewalk,40.961429595947266,-74.04436492919922,wxzyD8Jp5ADJaQ7JEWPOAQ,2023-08-03 16:13:51.701-07,,f,,
jonfroehlich,400,2,27906,West Oradell,NoSidewalk,40.96139144897461,-74.04430389404297,wxzyD8Jp5ADJaQ7JEWPOAQ,2023-08-03 16:13:53.635-07,,f,,
jonfroehlich,401,2,27906,West Oradell,NoSidewalk,40.96138381958008,-74.04423522949219,wxzyD8Jp5ADJaQ7JEWPOAQ,2023-08-03 16:13:55.734-07,,f,,
jonfroehlich,402,2,27906,West Oradell,NoSidewalk,40.9615364074707,-74.04437255859375,wxzyD8Jp5ADJaQ7JEWPOAQ,2023-08-03 16:13:58.622-07,,f,,
jonfroehlich,403,2,27906,West Oradell,NoSidewalk,40.96153259277344,-74.04430389404297,wxzyD8Jp5ADJaQ7JEWPOAQ,2023-08-03 16:13:59.233-07,,f,,
jonfroehlich,405,2,27906,West Oradell,NoSidewalk,40.96149444580078,-74.04414367675781,nnT71j0Vy0sVG7ihG4CA1w,2023-08-03 16:14:02.735-07,,f,,
jonfroehlich,406,2,27906,West Oradell,NoSidewalk,40.961463928222656,-74.0440902709961,nnT71j0Vy0sVG7ihG4CA1w,2023-08-03 16:14:03.613-07,,f,,
jonfroehlich,407,2,27906,West Oradell,NoSidewalk,40.96138381958008,-74.0442123413086,nnT71j0Vy0sVG7ihG4CA1w,2023-08-03 16:14:04.371-07,,f,,
jonfroehlich,408,2,27906,West Oradell,NoSidewalk,40.961368560791016,-74.04414367675781,nnT71j0Vy0sVG7ihG4CA1w,2023-08-03 16:14:05.092-07,,f,,
jonfroehlich,409,2,27906,West Oradell,NoSidewalk,40.961456298828125,-74.04403686523438,On43hRC0xASN5T9Hh29Y-A,2023-08-03 16:14:07.777-07,,f,,
jonfroehlich,410,2,27906,West Oradell,NoSidewalk,40.96134948730469,-74.04409790039062,On43hRC0xASN5T9Hh29Y-A,2023-08-03 16:14:08.508-07,,f,,
jonfroehlich,411,2,27906,West Oradell,NoSidewalk,40.96144104003906,-74.0439682006836,EFe6nXuuxAa1JsXAQz65Ow,2023-08-03 16:14:11.86-07,,f,,
jonfroehlich,412,2,27906,West Oradell,NoSidewalk,40.96134948730469,-74.04402923583984,EFe6nXuuxAa1JsXAQz65Ow,2023-08-03 16:14:13.638-07,,f,,
jonfroehlich,413,2,27906,West Oradell,NoSidewalk,40.96134567260742,-74.04402923583984,EFe6nXuuxAa1JsXAQz65Ow,2023-08-03 16:14:14.222-07,,f,,
jonfroehlich,414,2,27762,West Oradell,NoSidewalk,40.96124267578125,-74.0440444946289,EFe6nXuuxAa1JsXAQz65Ow,2023-08-03 16:14:15.865-07,,f,,
jonfroehlich,415,2,27905,West Oradell,NoSidewalk,40.96128845214844,-74.0438461303711,EFe6nXuuxAa1JsXAQz65Ow,2023-08-03 16:14:17.349-07,,f,,
jonfroehlich,416,2,27762,West Oradell,NoSidewalk,40.961265563964844,-74.04390716552734,EFe6nXuuxAa1JsXAQz65Ow,2023-08-03 16:14:18.006-07,,f,,
jonfroehlich,417,2,27762,West Oradell,NoSidewalk,40.96123123168945,-74.0439453125,EFe6nXuuxAa1JsXAQz65Ow,2023-08-03 16:14:18.658-07,,f,,
jonfroehlich,418,2,27906,West Oradell,NoSidewalk,40.96141815185547,-74.04389953613281,EFe6nXuuxAa1JsXAQz65Ow,2023-08-03 16:14:20.151-07,,f,,
jonfroehlich,419,2,27905,West Oradell,NoSidewalk,40.96139144897461,-74.04386138916016,EFe6nXuuxAa1JsXAQz65Ow,2023-08-03 16:14:20.816-07,,f,,
jonfroehlich,420,2,27905,West Oradell,NoSidewalk,40.96137619018555,-74.04383850097656,lMjJ-U_8FtbUsjzozQpfpw,2023-08-03 16:14:23.873-07,,f,,
jonfroehlich,421,2,27905,West Oradell,NoSidewalk,40.96137619018555,-74.04375457763672,lMjJ-U_8FtbUsjzozQpfpw,2023-08-03 16:14:24.489-07,,f,,
jonfroehlich,422,2,27905,West Oradell,NoSidewalk,40.96133804321289,-74.04367065429688,lMjJ-U_8FtbUsjzozQpfpw,2023-08-03 16:14:25.887-07,,f,,
jonfroehlich,424,2,27905,West Oradell,NoSidewalk,40.961265563964844,-74.04381561279297,lMjJ-U_8FtbUsjzozQpfpw,2023-08-03 16:14:27.657-07,,f,,
jonfroehlich,423,2,27905,West Oradell,NoSidewalk,40.96125793457031,-74.0437240600586,lMjJ-U_8FtbUsjzozQpfpw,2023-08-03 16:14:27.053-07,,f,,
jonfroehlich,425,2,27762,West Oradell,NoSidewalk,40.96125793457031,-74.04387664794922,lMjJ-U_8FtbUsjzozQpfpw,2023-08-03 16:14:28.856-07,,f,,
jonfroehlich,426,2,27762,West Oradell,NoSidewalk,40.96123123168945,-74.04391479492188,lMjJ-U_8FtbUsjzozQpfpw,2023-08-03 16:14:29.649-07,,f,,
jonfroehlich,427,3,27968,Central Oradell,SurfaceProblem,40.95446014404297,-74.0403823852539,Zk52y3KtDVdbHmvMmNbyQA,2023-08-03 16:26:29.791-07,2,f,height difference,
jonfroehlich,428,3,27741,Central Oradell,SurfaceProblem,40.95438766479492,-74.04013061523438,Zk52y3KtDVdbHmvMmNbyQA,2023-08-03 16:26:43.659-07,1,f,height difference,
jonfroehlich,429,3,27968,Central Oradell,SurfaceProblem,40.954410552978516,-74.04031372070312,Zk52y3KtDVdbHmvMmNbyQA,2023-08-03 16:27:23.174-07,1,f,height difference,Can't really tell--probably doesn't need a label
jonfroehlich,430,3,27968,Central Oradell,SurfaceProblem,40.95451736450195,-74.04051971435547,jvx-l5Z4JCea_EnFDRm8OQ,2023-08-03 16:27:44.851-07,2,f,height difference,
jonfroehlich,431,3,27968,Central Oradell,SurfaceProblem,40.95463562011719,-74.04048156738281,jDJ-JTKosD_362eOweefeA,2023-08-03 16:27:53.983-07,1,f,,
jonfroehlich,432,3,27968,Central Oradell,SurfaceProblem,40.954551696777344,-74.04059600830078,jDJ-JTKosD_362eOweefeA,2023-08-03 16:28:01.39-07,1,f,"height difference,uneven/slanted",
jonfroehlich,433,3,27968,Central Oradell,SurfaceProblem,40.95455551147461,-74.04056549072266,jDJ-JTKosD_362eOweefeA,2023-08-03 16:28:04.146-07,1,f,,
jonfroehlich,434,3,27968,Central Oradell,SurfaceProblem,40.954566955566406,-74.04069519042969,jDJ-JTKosD_362eOweefeA,2023-08-03 16:28:08.702-07,3,f,"height difference,uneven/slanted",
jonfroehlich,435,3,27968,Central Oradell,SurfaceProblem,40.95466995239258,-74.04049682617188,jDJ-JTKosD_362eOweefeA,2023-08-03 16:28:16.077-07,1,f,"uneven/slanted,height difference",
jonfroehlich,436,3,27968,Central Oradell,SurfaceProblem,40.9547119140625,-74.0406265258789,vlb26KFroxRGXSGpzeF7zQ,2023-08-03 16:28:26.554-07,2,f,"height difference,uneven/slanted",
jonfroehlich,437,3,27968,Central Oradell,SurfaceProblem,40.954742431640625,-74.0406494140625,vlb26KFroxRGXSGpzeF7zQ,2023-08-03 16:28:29.431-07,1,f,"height difference,uneven/slanted",
jonfroehlich,438,3,27968,Central Oradell,SurfaceProblem,40.95475387573242,-74.04067993164062,vlb26KFroxRGXSGpzeF7zQ,2023-08-03 16:28:33.525-07,1,f,"height difference,uneven/slanted",
jonfroehlich,439,3,27968,Central Oradell,SurfaceProblem,40.95476531982422,-74.04071807861328,vlb26KFroxRGXSGpzeF7zQ,2023-08-03 16:28:36.048-07,1,f,"height difference,uneven/slanted",
jonfroehlich,440,3,27968,Central Oradell,SurfaceProblem,40.95470428466797,-74.04060363769531,vlb26KFroxRGXSGpzeF7zQ,2023-08-03 16:28:45.036-07,1,f,height difference,
jonfroehlich,441,3,27968,Central Oradell,SurfaceProblem,40.95457458496094,-74.04074096679688,vlb26KFroxRGXSGpzeF7zQ,2023-08-03 16:28:52.485-07,4,f,height difference,
jonfroehlich,442,3,27968,Central Oradell,SurfaceProblem,40.954586029052734,-74.0407943725586,vlb26KFroxRGXSGpzeF7zQ,2023-08-03 16:28:59.357-07,3,f,"height difference,uneven/slanted",Driveway is also slanted
jonfroehlich,458,3,27969,Central Oradell,SurfaceProblem,40.954833984375,-74.04115295410156,PImDHlMBiFe6GabCJRhCXQ,2023-08-03 16:31:47.457-07,1,f,height difference,
jonfroehlich,443,3,27968,Central Oradell,SurfaceProblem,40.95460891723633,-74.04087829589844,YkvroQAWvwJrz3TFRbKFIA,2023-08-03 16:29:21.461-07,4,f,"height difference,uneven/slanted",
jonfroehlich,444,3,27968,Central Oradell,SurfaceProblem,40.95460891723633,-74.04090881347656,YkvroQAWvwJrz3TFRbKFIA,2023-08-03 16:29:24.269-07,2,f,height difference,
jonfroehlich,445,3,27968,Central Oradell,SurfaceProblem,40.95478820800781,-74.04084014892578,YkvroQAWvwJrz3TFRbKFIA,2023-08-03 16:29:30.877-07,3,f,"height difference,uneven/slanted",
jonfroehlich,446,3,27968,Central Oradell,SurfaceProblem,40.95466232299805,-74.0408706665039,glCrjQc4Gb2ZTCWgbfMjMg,2023-08-03 16:29:45.713-07,4,f,"height difference,uneven/slanted",
jonfroehlich,448,3,27968,Central Oradell,CurbRamp,40.95469665527344,-74.04092407226562,glCrjQc4Gb2ZTCWgbfMjMg,2023-08-03 16:29:58.743-07,4,f,"missing tactile warning,not enough landing space,points into traffic",
jonfroehlich,449,3,27969,Central Oradell,CurbRamp,40.954689025878906,-74.04106903076172,glCrjQc4Gb2ZTCWgbfMjMg,2023-08-03 16:30:07.627-07,3,f,"not enough landing space,points into traffic,missing tactile warning",
jonfroehlich,450,3,27968,Central Oradell,NoCurbRamp,40.954734802246094,-74.0408935546875,glCrjQc4Gb2ZTCWgbfMjMg,2023-08-03 16:30:21.201-07,5,f,no alternate route,
jonfroehlich,459,3,27969,Central Oradell,SurfaceProblem,40.95487594604492,-74.04118347167969,PImDHlMBiFe6GabCJRhCXQ,2023-08-03 16:31:50.343-07,1,f,,
jonfroehlich,460,3,27969,Central Oradell,SurfaceProblem,40.95488739013672,-74.04121398925781,PImDHlMBiFe6GabCJRhCXQ,2023-08-03 16:31:52.504-07,1,f,"height difference,uneven/slanted",
jonfroehlich,451,3,27969,Central Oradell,NoCurbRamp,40.95480728149414,-74.04102325439453,glCrjQc4Gb2ZTCWgbfMjMg,2023-08-03 16:30:35.526-07,4,f,alternate route present,Can use nearby driveway
jonfroehlich,452,3,27969,Central Oradell,SurfaceProblem,40.95477294921875,-74.04102325439453,59AKGlA6-wKxb-PZQXeEcw,2023-08-03 16:30:58.934-07,1,f,cracks,
jonfroehlich,453,3,27969,Central Oradell,SurfaceProblem,40.95478057861328,-74.04102325439453,59AKGlA6-wKxb-PZQXeEcw,2023-08-03 16:31:03.045-07,1,f,cracks,
jonfroehlich,454,3,27969,Central Oradell,SurfaceProblem,40.954750061035156,-74.04117584228516,PImDHlMBiFe6GabCJRhCXQ,2023-08-03 16:31:13.905-07,1,f,,
jonfroehlich,455,3,27969,Central Oradell,SurfaceProblem,40.95476150512695,-74.04117584228516,PImDHlMBiFe6GabCJRhCXQ,2023-08-03 16:31:18.464-07,3,f,"height difference,uneven/slanted",Driveway is also slanted
jonfroehlich,456,3,27969,Central Oradell,SurfaceProblem,40.95474624633789,-74.04122924804688,PImDHlMBiFe6GabCJRhCXQ,2023-08-03 16:31:30.621-07,1,f,height difference,
jonfroehlich,457,3,27969,Central Oradell,SurfaceProblem,40.954830169677734,-74.0411376953125,V6K1pvhe3LbG4bICVwW1Jw,2023-08-03 16:31:38.762-07,1,f,"height difference,uneven/slanted",
jonfroehlich,461,3,27969,Central Oradell,SurfaceProblem,40.954891204833984,-74.04124450683594,PImDHlMBiFe6GabCJRhCXQ,2023-08-03 16:31:56.544-07,2,f,"height difference,uneven/slanted",
jonfroehlich,462,3,27969,Central Oradell,SurfaceProblem,40.95490264892578,-74.04126739501953,PImDHlMBiFe6GabCJRhCXQ,2023-08-03 16:32:08.586-07,1,f,"height difference,uneven/slanted",
jonfroehlich,463,3,27969,Central Oradell,SurfaceProblem,40.954917907714844,-74.04132080078125,V6K1pvhe3LbG4bICVwW1Jw,2023-08-03 16:32:17.951-07,3,f,"uneven/slanted,very broken",
jonfroehlich,464,3,27969,Central Oradell,SurfaceProblem,40.95492935180664,-74.04135131835938,V6K1pvhe3LbG4bICVwW1Jw,2023-08-03 16:32:23.737-07,4,f,"very broken,uneven/slanted",
jonfroehlich,473,3,27970,West Oradell,SurfaceProblem,40.954917907714844,-74.04173278808594,3JTNQyZx2H_h61fQeXzEXQ,2023-08-03 16:33:34.165-07,1,f,height difference,
jonfroehlich,465,3,27969,Central Oradell,SurfaceProblem,40.95481491088867,-74.04145812988281,a_xxpT9isyhFKloxxtVSmQ,2023-08-03 16:32:33.238-07,1,f,,
jonfroehlich,466,3,27969,Central Oradell,SurfaceProblem,40.95481491088867,-74.04141235351562,a_xxpT9isyhFKloxxtVSmQ,2023-08-03 16:32:39.28-07,1,f,cracks,
jonfroehlich,467,3,27969,Central Oradell,SurfaceProblem,40.954898834228516,-74.0413589477539,a_xxpT9isyhFKloxxtVSmQ,2023-08-03 16:32:49.822-07,4,f,"height difference,uneven/slanted",
jonfroehlich,468,3,27969,Central Oradell,SurfaceProblem,40.95492935180664,-74.04139709472656,a_xxpT9isyhFKloxxtVSmQ,2023-08-03 16:32:53.296-07,1,f,"uneven/slanted,height difference",
jonfroehlich,469,3,27969,Central Oradell,SurfaceProblem,40.95494842529297,-74.04143524169922,a_xxpT9isyhFKloxxtVSmQ,2023-08-03 16:32:56.55-07,1,f,height difference,
jonfroehlich,470,3,27969,Central Oradell,SurfaceProblem,40.9549560546875,-74.04151153564453,wFF_pUH4wplX8rv7izkmaw,2023-08-03 16:33:06.062-07,5,f,"height difference,uneven/slanted,very broken",
jonfroehlich,471,3,27969,Central Oradell,SurfaceProblem,40.9549674987793,-74.04153442382812,wFF_pUH4wplX8rv7izkmaw,2023-08-03 16:33:10.665-07,2,f,"height difference,uneven/slanted",
jonfroehlich,472,3,27969,Central Oradell,SurfaceProblem,40.95484924316406,-74.04154205322266,wFF_pUH4wplX8rv7izkmaw,2023-08-03 16:33:22.355-07,1,f,height difference,
jonfroehlich,474,3,27970,West Oradell,SurfaceProblem,40.95490646362305,-74.04175567626953,3JTNQyZx2H_h61fQeXzEXQ,2023-08-03 16:33:40.837-07,1,f,height difference,
jonfroehlich,475,3,27970,West Oradell,SurfaceProblem,40.95490646362305,-74.0417709350586,3JTNQyZx2H_h61fQeXzEXQ,2023-08-03 16:33:47.572-07,,f,,
jonfroehlich,476,3,27969,Central Oradell,SurfaceProblem,40.95491027832031,-74.04170989990234,3JTNQyZx2H_h61fQeXzEXQ,2023-08-03 16:33:52.408-07,1,f,height difference,
jonfroehlich,477,4,27970,West Oradell,SurfaceProblem,40.95488739013672,-74.04175567626953,3JTNQyZx2H_h61fQeXzEXQ,2023-08-04 05:48:25.61-07,1,f,height difference,
jonfroehlich,478,4,27969,Central Oradell,SurfaceProblem,40.954917907714844,-74.04170989990234,3JTNQyZx2H_h61fQeXzEXQ,2023-08-04 05:48:29.604-07,1,f,height difference,
jonfroehlich,479,4,27970,West Oradell,SurfaceProblem,40.95490264892578,-74.04177856445312,3JTNQyZx2H_h61fQeXzEXQ,2023-08-04 05:48:36.997-07,2,f,"height difference,uneven/slanted",
jonfroehlich,480,4,27970,West Oradell,SurfaceProblem,40.95491027832031,-74.04175567626953,3JTNQyZx2H_h61fQeXzEXQ,2023-08-04 05:48:40.348-07,1,f,,
jonfroehlich,481,4,27970,West Oradell,SurfaceProblem,40.95491409301758,-74.0418472290039,3JTNQyZx2H_h61fQeXzEXQ,2023-08-04 05:48:45.714-07,1,f,height difference,
jonfroehlich,482,4,27970,West Oradell,Occlusion,40.95502853393555,-74.04174041748047,3JTNQyZx2H_h61fQeXzEXQ,2023-08-04 05:48:52.603-07,,f,,
jonfroehlich,483,4,27970,West Oradell,SurfaceProblem,40.95491027832031,-74.04183959960938,6uA6p5hirwmaTgYmnwjc5w,2023-08-04 05:49:03.218-07,2,f,"height difference,uneven/slanted",
jonfroehlich,484,4,27970,West Oradell,SurfaceProblem,40.95491409301758,-74.04185485839844,6uA6p5hirwmaTgYmnwjc5w,2023-08-04 05:49:07.751-07,1,f,"uneven/slanted,height difference",
jonfroehlich,485,4,27970,West Oradell,SurfaceProblem,40.95505142211914,-74.04185485839844,zoqYdsl3hO36WKfMdgiK5w,2023-08-04 05:49:20.063-07,1,f,"height difference,uneven/slanted",
jonfroehlich,486,4,27970,West Oradell,Occlusion,40.954925537109375,-74.0418930053711,zoqYdsl3hO36WKfMdgiK5w,2023-08-04 05:49:27.649-07,,f,,
jonfroehlich,487,4,27970,West Oradell,SurfaceProblem,40.95494842529297,-74.04195404052734,zoqYdsl3hO36WKfMdgiK5w,2023-08-04 05:49:31.307-07,2,f,height difference,
jonfroehlich,494,4,27970,West Oradell,SurfaceProblem,40.95502853393555,-74.04224395751953,XDvh-qfaFg69Lo9G9ChIIA,2023-08-04 05:50:38.189-07,2,f,,
jonfroehlich,488,4,27970,West Oradell,SurfaceProblem,40.954959869384766,-74.04200744628906,zoqYdsl3hO36WKfMdgiK5w,2023-08-04 05:49:38.561-07,1,f,uneven/slanted,maybe slightly slanted driveway
jonfroehlich,489,4,27970,West Oradell,SurfaceProblem,40.95504379272461,-74.0419692993164,TiKixgTZM9NujiXn-y1_Wg,2023-08-04 05:49:51.429-07,5,f,"height difference,uneven/slanted",
jonfroehlich,490,4,27970,West Oradell,SurfaceProblem,40.95503616333008,-74.0419692993164,TiKixgTZM9NujiXn-y1_Wg,2023-08-04 05:50:00.659-07,1,f,height difference,
jonfroehlich,493,4,27970,West Oradell,SurfaceProblem,40.95501708984375,-74.0422134399414,XDvh-qfaFg69Lo9G9ChIIA,2023-08-04 05:50:35.464-07,1,f,height difference,
jonfroehlich,498,4,27970,West Oradell,SurfaceProblem,40.95511245727539,-74.04209899902344,XDvh-qfaFg69Lo9G9ChIIA,2023-08-04 05:51:03.795-07,1,f,cracks,
jonfroehlich,491,4,27970,West Oradell,SurfaceProblem,40.95497512817383,-74.04208374023438,TiKixgTZM9NujiXn-y1_Wg,2023-08-04 05:50:10.571-07,4,f,"height difference,uneven/slanted",
jonfroehlich,492,4,27970,West Oradell,SurfaceProblem,40.95507049560547,-74.04206848144531,XDvh-qfaFg69Lo9G9ChIIA,2023-08-04 05:50:21.523-07,4,f,"height difference,uneven/slanted",
jonfroehlich,500,4,27970,West Oradell,SurfaceProblem,40.955074310302734,-74.04239654541016,vvlhDeLNvmaSpQucOH5cXw,2023-08-04 05:51:43.577-07,1,f,"height difference,uneven/slanted",
jonfroehlich,495,4,27970,West Oradell,SurfaceProblem,40.955020904541016,-74.04222869873047,XDvh-qfaFg69Lo9G9ChIIA,2023-08-04 05:50:41.121-07,1,f,height difference,
jonfroehlich,496,4,27970,West Oradell,SurfaceProblem,40.95503616333008,-74.04226684570312,XDvh-qfaFg69Lo9G9ChIIA,2023-08-04 05:50:45.946-07,4,f,"uneven/slanted,height difference",
jonfroehlich,497,4,27970,West Oradell,SurfaceProblem,40.95513916015625,-74.04214477539062,XDvh-qfaFg69Lo9G9ChIIA,2023-08-04 05:51:00.366-07,1,f,height difference,
jonfroehlich,499,4,27970,West Oradell,SurfaceProblem,40.95509338378906,-74.0420150756836,MSjdq_gKynmBUaj8fD3kRw,2023-08-04 05:51:22.746-07,2,f,"uneven/slanted,height difference",
jonfroehlich,501,4,27970,West Oradell,SurfaceProblem,40.95508575439453,-74.04244995117188,vvlhDeLNvmaSpQucOH5cXw,2023-08-04 05:51:48.46-07,1,f,height difference,
jonfroehlich,508,4,27970,West Oradell,SurfaceProblem,40.955135345458984,-74.0425796508789,Bzz-xWiuS86fQhAgBWV-Iw,2023-08-04 05:52:44.693-07,1,f,height difference,
jonfroehlich,509,4,27972,West Oradell,CurbRamp,40.955257415771484,-74.04267883300781,C_nLMZfQw6AsbJOB5CLmsQ,2023-08-04 05:52:56.381-07,4,f,"not enough landing space,not level with street,narrow,missing tactile warning",
jonfroehlich,545,4,27982,West Oradell,NoSidewalk,40.95586013793945,-74.04238891601562,aVzRcV_Pkh2aWDLUT2rTIg,2023-08-04 05:55:27.342-07,,f,,
jonfroehlich,546,4,27982,West Oradell,NoSidewalk,40.95590591430664,-74.04237365722656,aVzRcV_Pkh2aWDLUT2rTIg,2023-08-04 05:55:28.286-07,,f,,
jonfroehlich,502,4,27970,West Oradell,SurfaceProblem,40.95516586303711,-74.04227447509766,9169I6ZCpj7bKXXBrtSW9w,2023-08-04 05:51:57.045-07,2,f,height difference,
jonfroehlich,503,4,27970,West Oradell,SurfaceProblem,40.955081939697266,-74.04241180419922,9169I6ZCpj7bKXXBrtSW9w,2023-08-04 05:52:02.878-07,1,f,"height difference,uneven/slanted",
jonfroehlich,505,4,27970,West Oradell,CurbRamp,40.95521545410156,-74.04251098632812,Bzz-xWiuS86fQhAgBWV-Iw,2023-08-04 05:52:19.286-07,3,f,"missing tactile warning,not enough landing space",
jonfroehlich,506,4,27970,West Oradell,NoCurbRamp,40.95515441894531,-74.04254150390625,Bzz-xWiuS86fQhAgBWV-Iw,2023-08-04 05:52:30.659-07,,f,no alternate route,
jonfroehlich,516,4,27972,West Oradell,CurbRamp,40.955284118652344,-74.04267883300781,aULWpkvqpUZnfbUW32rRGA,2023-08-04 05:53:27.826-07,1,f,,
jonfroehlich,517,4,27972,West Oradell,Crosswalk,40.95526123046875,-74.04261779785156,aULWpkvqpUZnfbUW32rRGA,2023-08-04 05:53:31.863-07,1,f,,
jonfroehlich,518,4,27982,West Oradell,CurbRamp,40.955238342285156,-74.04257202148438,aULWpkvqpUZnfbUW32rRGA,2023-08-04 05:53:36.169-07,1,f,,
jonfroehlich,529,4,27982,West Oradell,NoSidewalk,40.95547866821289,-74.04256439208984,1pRtPJGEpXiw94d9532w2g,2023-08-04 05:55:05.156-07,,f,,
jonfroehlich,530,4,27982,West Oradell,NoSidewalk,40.95554733276367,-74.04254150390625,1pRtPJGEpXiw94d9532w2g,2023-08-04 05:55:06.056-07,,f,,
jonfroehlich,531,4,27982,West Oradell,NoSidewalk,40.95546340942383,-74.04241943359375,1pRtPJGEpXiw94d9532w2g,2023-08-04 05:55:06.908-07,,f,,
jonfroehlich,532,4,27982,West Oradell,NoSidewalk,40.955509185791016,-74.04241180419922,1pRtPJGEpXiw94d9532w2g,2023-08-04 05:55:07.72-07,,f,,
jonfroehlich,533,4,27982,West Oradell,NoSidewalk,40.95560836791992,-74.04251098632812,Wcm6bWuJhgEyVj9VNJ_UXw,2023-08-04 05:55:11.007-07,,f,,
jonfroehlich,534,4,27982,West Oradell,NoSidewalk,40.95566940307617,-74.04248046875,Wcm6bWuJhgEyVj9VNJ_UXw,2023-08-04 05:55:11.833-07,,f,,
jonfroehlich,535,4,27982,West Oradell,NoSidewalk,40.95558166503906,-74.0423583984375,Wcm6bWuJhgEyVj9VNJ_UXw,2023-08-04 05:55:12.651-07,,f,,
jonfroehlich,536,4,27982,West Oradell,NoSidewalk,40.95563888549805,-74.0423583984375,Wcm6bWuJhgEyVj9VNJ_UXw,2023-08-04 05:55:13.345-07,,f,,
jonfroehlich,537,4,27982,West Oradell,NoSidewalk,40.9556884765625,-74.04246520996094,ZH9HxC1NBaQLPIdE4hv6aw,2023-08-04 05:55:16.902-07,,f,,
jonfroehlich,538,4,27982,West Oradell,NoSidewalk,40.95574951171875,-74.04244232177734,ZH9HxC1NBaQLPIdE4hv6aw,2023-08-04 05:55:17.836-07,,f,,
jonfroehlich,539,4,27982,West Oradell,NoSidewalk,40.955657958984375,-74.04232788085938,ZH9HxC1NBaQLPIdE4hv6aw,2023-08-04 05:55:18.658-07,,f,,
jonfroehlich,540,4,27982,West Oradell,NoSidewalk,40.955718994140625,-74.04232788085938,ZH9HxC1NBaQLPIdE4hv6aw,2023-08-04 05:55:19.345-07,,f,,
jonfroehlich,541,4,27982,West Oradell,NoSidewalk,40.955772399902344,-74.04241943359375,Rzji0MWAULozDjBN8nGv6A,2023-08-04 05:55:22.397-07,,f,,
jonfroehlich,547,4,27982,West Oradell,NoSidewalk,40.95584487915039,-74.04225158691406,aVzRcV_Pkh2aWDLUT2rTIg,2023-08-04 05:55:29.08-07,,f,,
jonfroehlich,548,4,27982,West Oradell,NoSidewalk,40.95587158203125,-74.04222869873047,jV5oPE8iokrMSBLOiPw30Q,2023-08-04 05:55:32.208-07,,f,,
jonfroehlich,551,4,27983,West Oradell,NoSidewalk,40.956085205078125,-74.0422592163086,qp_mAWmrvXFuVvdIM1J6fg,2023-08-04 05:55:38.828-07,,f,,
jonfroehlich,552,4,27766,West Oradell,NoSidewalk,40.95603942871094,-74.04232788085938,qp_mAWmrvXFuVvdIM1J6fg,2023-08-04 05:55:39.473-07,,f,,
jonfroehlich,504,4,27970,West Oradell,SurfaceProblem,40.9550895690918,-74.04242706298828,9169I6ZCpj7bKXXBrtSW9w,2023-08-04 05:52:05.939-07,1,f,"height difference,uneven/slanted",
jonfroehlich,507,4,27970,West Oradell,SurfaceProblem,40.95511245727539,-74.0425033569336,Bzz-xWiuS86fQhAgBWV-Iw,2023-08-04 05:52:38.86-07,1,f,height difference,
jonfroehlich,512,4,27982,West Oradell,NoSidewalk,40.9553337097168,-74.04251098632812,C_nLMZfQw6AsbJOB5CLmsQ,2023-08-04 05:53:05.062-07,,f,,
jonfroehlich,513,4,27982,West Oradell,NoSidewalk,40.95530319213867,-74.04251098632812,C_nLMZfQw6AsbJOB5CLmsQ,2023-08-04 05:53:06.214-07,,f,,
jonfroehlich,515,4,27972,West Oradell,SurfaceProblem,40.9553108215332,-74.04273986816406,C_nLMZfQw6AsbJOB5CLmsQ,2023-08-04 05:53:18.806-07,4,f,"height difference,very broken,uneven/slanted",
jonfroehlich,519,4,27972,West Oradell,CurbRamp,40.955204010009766,-74.04281616210938,aULWpkvqpUZnfbUW32rRGA,2023-08-04 05:53:48.352-07,1,f,,
jonfroehlich,520,4,27771,West Oradell,Crosswalk,40.95520782470703,-74.04288482666016,aULWpkvqpUZnfbUW32rRGA,2023-08-04 05:53:50.243-07,1,f,,
jonfroehlich,521,4,27771,West Oradell,CurbRamp,40.955238342285156,-74.0429458618164,aULWpkvqpUZnfbUW32rRGA,2023-08-04 05:53:52.3-07,1,f,,
jonfroehlich,522,4,27972,West Oradell,SurfaceProblem,40.95517349243164,-74.042724609375,aULWpkvqpUZnfbUW32rRGA,2023-08-04 05:53:59.771-07,2,f,"height difference,uneven/slanted",
jonfroehlich,528,4,27982,West Oradell,NoSidewalk,40.95549011230469,-74.04256439208984,zKRdxKOXyG1y4ggihqey4g,2023-08-04 05:54:58.81-07,,f,,
jonfroehlich,542,4,27982,West Oradell,NoSidewalk,40.955833435058594,-74.04240417480469,Rzji0MWAULozDjBN8nGv6A,2023-08-04 05:55:23.188-07,,f,,
jonfroehlich,543,4,27982,West Oradell,NoSidewalk,40.955753326416016,-74.04228973388672,Rzji0MWAULozDjBN8nGv6A,2023-08-04 05:55:24.048-07,,f,,
jonfroehlich,544,4,27982,West Oradell,NoSidewalk,40.9557991027832,-74.04228210449219,Rzji0MWAULozDjBN8nGv6A,2023-08-04 05:55:24.734-07,,f,,
jonfroehlich,549,4,27769,West Oradell,NoSidewalk,40.95594024658203,-74.04208374023438,qp_mAWmrvXFuVvdIM1J6fg,2023-08-04 05:55:35.458-07,,f,,
jonfroehlich,550,4,27769,West Oradell,NoSidewalk,40.955989837646484,-74.04216003417969,qp_mAWmrvXFuVvdIM1J6fg,2023-08-04 05:55:36.545-07,,f,,
jonfroehlich,510,4,27982,West Oradell,NoSidewalk,40.955326080322266,-74.04264068603516,C_nLMZfQw6AsbJOB5CLmsQ,2023-08-04 05:53:02.924-07,,f,,
jonfroehlich,511,4,27982,West Oradell,NoSidewalk,40.95538330078125,-74.04261016845703,C_nLMZfQw6AsbJOB5CLmsQ,2023-08-04 05:53:03.613-07,,f,,
jonfroehlich,514,4,27982,West Oradell,NoSidewalk,40.955265045166016,-74.0425033569336,C_nLMZfQw6AsbJOB5CLmsQ,2023-08-04 05:53:07.01-07,,f,,
jonfroehlich,523,4,27982,West Oradell,NoSidewalk,40.95538330078125,-74.0426025390625,zKRdxKOXyG1y4ggihqey4g,2023-08-04 05:54:52.948-07,,f,,
jonfroehlich,524,4,27982,West Oradell,NoSidewalk,40.9554443359375,-74.04258728027344,zKRdxKOXyG1y4ggihqey4g,2023-08-04 05:54:53.677-07,,f,,
jonfroehlich,525,4,27982,West Oradell,NoSidewalk,40.95532989501953,-74.04248046875,zKRdxKOXyG1y4ggihqey4g,2023-08-04 05:54:54.839-07,,f,,
jonfroehlich,526,4,27982,West Oradell,NoSidewalk,40.95537567138672,-74.04244995117188,zKRdxKOXyG1y4ggihqey4g,2023-08-04 05:54:55.391-07,,f,,
jonfroehlich,527,4,27982,West Oradell,NoSidewalk,40.95542907714844,-74.04244995117188,zKRdxKOXyG1y4ggihqey4g,2023-08-04 05:54:56.99-07,,f,,
jonfroehlich,553,4,27766,West Oradell,NoSidewalk,40.956024169921875,-74.04238891601562,qp_mAWmrvXFuVvdIM1J6fg,2023-08-04 05:55:41.088-07,,f,,
jonfroehlich,554,4,27766,West Oradell,NoSidewalk,40.955955505371094,-74.04244995117188,qp_mAWmrvXFuVvdIM1J6fg,2023-08-04 05:55:41.896-07,,f,,
jonfroehlich,555,4,27766,West Oradell,NoSidewalk,40.95592498779297,-74.04240417480469,qp_mAWmrvXFuVvdIM1J6fg,2023-08-04 05:55:43.502-07,,f,,
jonfroehlich,556,4,27982,West Oradell,NoSidewalk,40.955875396728516,-74.04238891601562,qp_mAWmrvXFuVvdIM1J6fg,2023-08-04 05:55:44.387-07,,f,,
jonfroehlich,557,4,27982,West Oradell,NoSidewalk,40.95582962036133,-74.0423812866211,qp_mAWmrvXFuVvdIM1J6fg,2023-08-04 05:55:46.203-07,,f,,
jonfroehlich,558,4,27982,West Oradell,NoSidewalk,40.95580291748047,-74.04228973388672,qp_mAWmrvXFuVvdIM1J6fg,2023-08-04 05:55:49.037-07,,f,,
jonfroehlich,559,4,27982,West Oradell,NoSidewalk,40.955848693847656,-74.04225158691406,qp_mAWmrvXFuVvdIM1J6fg,2023-08-04 05:55:49.817-07,,f,,
jonfroehlich,560,4,27769,West Oradell,NoSidewalk,40.955875396728516,-74.04220581054688,qp_mAWmrvXFuVvdIM1J6fg,2023-08-04 05:55:51.431-07,,f,,
jonfroehlich,561,4,27769,West Oradell,NoSidewalk,40.95587158203125,-74.04214477539062,qp_mAWmrvXFuVvdIM1J6fg,2023-08-04 05:55:52.161-07,,f,,
jonfroehlich,562,4,27769,West Oradell,NoSidewalk,40.95587158203125,-74.04209899902344,qp_mAWmrvXFuVvdIM1J6fg,2023-08-04 05:55:53.52-07,,f,,
jonfroehlich,563,4,27983,West Oradell,NoSidewalk,40.95603561401367,-74.04216766357422,qp_mAWmrvXFuVvdIM1J6fg,2023-08-04 05:55:57.684-07,,f,,
jonfroehlich,564,4,27766,West Oradell,NoSidewalk,40.9560546875,-74.04230499267578,qp_mAWmrvXFuVvdIM1J6fg,2023-08-04 05:56:01.795-07,,f,,
jonfroehlich,565,4,27983,West Oradell,NoSidewalk,40.95606994628906,-74.04216766357422,qp_mAWmrvXFuVvdIM1J6fg,2023-08-04 05:55:58.249-07,,f,,
jonfroehlich,566,5,7555,Leschi,Occlusion,47.60801696777344,-122.28498840332031,JHOSrVQYjFwquJ3QX-MXiw,2023-08-04 06:25:43.622-07,,f,,
jonfroehlich,567,5,7555,Leschi,SurfaceProblem,47.608062744140625,-122.28495025634766,Ws37_VyLe5r2r4CGQIxTEQ,2023-08-04 06:25:48.532-07,1,f,"cracks,grass",
jonfroehlich,568,5,7555,Leschi,Obstacle,47.60795593261719,-122.28491973876953,AeTEoqPeBsj68TBGSjVgvw,2023-08-04 06:25:59.547-07,5,f,trash/recycling can,
jonfroehlich,569,5,7555,Leschi,Obstacle,47.60792541503906,-122.28491973876953,AeTEoqPeBsj68TBGSjVgvw,2023-08-04 06:26:06.817-07,5,f,trash/recycling can,
jonfroehlich,570,5,7555,Leschi,Obstacle,47.607872009277344,-122.28482055664062,AeTEoqPeBsj68TBGSjVgvw,2023-08-04 06:26:14.956-07,5,f,fire hydrant,
jonfroehlich,571,5,7555,Leschi,Obstacle,47.60784912109375,-122.2848129272461,AeTEoqPeBsj68TBGSjVgvw,2023-08-04 06:26:20.145-07,,f,trash/recycling can,
jonfroehlich,572,5,7555,Leschi,Obstacle,47.6078987121582,-122.28483581542969,AeTEoqPeBsj68TBGSjVgvw,2023-08-04 06:26:26.498-07,5,f,"vegetation,narrow",
jonfroehlich,573,5,7555,Leschi,Obstacle,47.6079216003418,-122.28478240966797,AeTEoqPeBsj68TBGSjVgvw,2023-08-04 06:26:39.879-07,5,f,vegetation,Also very steep
jonfroehlich,574,5,7555,Leschi,SurfaceProblem,47.60783004760742,-122.28482055664062,AeTEoqPeBsj68TBGSjVgvw,2023-08-04 06:26:50.27-07,2,f,"height difference,uneven/slanted",
jonfroehlich,575,5,7555,Leschi,SurfaceProblem,47.6077880859375,-122.28483581542969,AeTEoqPeBsj68TBGSjVgvw,2023-08-04 06:26:56.069-07,1,f,"height difference,uneven/slanted",
jonfroehlich,576,5,7555,Leschi,Occlusion,47.607872009277344,-122.28491973876953,QaETNR1rrQhB9PJFyQmnqA,2023-08-04 06:27:07.605-07,,f,,
jonfroehlich,577,5,7555,Leschi,SurfaceProblem,47.60771560668945,-122.28485870361328,QaETNR1rrQhB9PJFyQmnqA,2023-08-04 06:27:15.42-07,2,f,"height difference,uneven/slanted",
jonfroehlich,578,5,7555,Leschi,Occlusion,47.60778045654297,-122.28494262695312,QaETNR1rrQhB9PJFyQmnqA,2023-08-04 06:27:32.598-07,,f,,
jonfroehlich,579,5,7555,Leschi,SurfaceProblem,47.60780715942383,-122.284912109375,QaETNR1rrQhB9PJFyQmnqA,2023-08-04 06:27:35.787-07,1,f,utility panel,
jonfroehlich,580,5,7555,Leschi,SurfaceProblem,47.60774612426758,-122.28483581542969,-1zTLO-V8Q9hhLozvjtwKg,2023-08-04 06:27:47.621-07,1,f,grass,Vegetation growing
jonfroehlich,581,5,7555,Leschi,Obstacle,47.60759735107422,-122.2850341796875,-1zTLO-V8Q9hhLozvjtwKg,2023-08-04 06:27:59.374-07,4,f,trash/recycling can,
jonfroehlich,582,5,7555,Leschi,SurfaceProblem,47.60761260986328,-122.2848892211914,-1zTLO-V8Q9hhLozvjtwKg,2023-08-04 06:28:06.434-07,1,f,height difference,
jonfroehlich,583,5,7555,Leschi,Obstacle,47.60755920410156,-122.28491973876953,GjYUk20ekTSvR84MZSmHRg,2023-08-04 06:28:12.05-07,5,f,trash/recycling can,
jonfroehlich,584,5,7555,Leschi,Obstacle,47.60761642456055,-122.2850112915039,GjYUk20ekTSvR84MZSmHRg,2023-08-04 06:28:17.921-07,5,f,trash/recycling can,
jonfroehlich,585,5,7555,Leschi,Obstacle,47.6075325012207,-122.28506469726562,GjYUk20ekTSvR84MZSmHRg,2023-08-04 06:28:23.122-07,5,f,trash/recycling can,
jonfroehlich,586,5,7555,Leschi,Obstacle,47.607540130615234,-122.284912109375,nw-c6nqgCaA_Tn1uK1yMCA,2023-08-04 06:28:34.036-07,5,f,trash/recycling can,
jonfroehlich,593,5,7555,Leschi,SurfaceProblem,47.607234954833984,-122.2850570678711,PJtXn7CDSbGOhmP1xXGMaw,2023-08-04 06:29:36.813-07,1,f,utility panel,
jonfroehlich,587,5,7555,Leschi,Obstacle,47.607486724853516,-122.28491973876953,87UsbYnruvUn7nccw7G7Ig,2023-08-04 06:28:46.595-07,2,f,vegetation,
jonfroehlich,594,5,7555,Leschi,Obstacle,47.607261657714844,-122.28512573242188,qfARequUIttybTlk299Mvw,2023-08-04 06:29:47.668-07,1,f,vegetation,
jonfroehlich,588,5,7555,Leschi,Occlusion,47.60739517211914,-122.2850570678711,87UsbYnruvUn7nccw7G7Ig,2023-08-04 06:29:14.755-07,,f,,
jonfroehlich,589,5,7555,Leschi,Occlusion,47.60746383666992,-122.28504180908203,87UsbYnruvUn7nccw7G7Ig,2023-08-04 06:29:13.27-07,,f,,
jonfroehlich,590,5,7555,Leschi,Occlusion,47.60734939575195,-122.28507232666016,z2XYZxj74zfYPG0VwnR3yg,2023-08-04 06:29:19.261-07,,f,,
jonfroehlich,591,5,7555,Leschi,Obstacle,47.60733413696289,-122.28510284423828,PJtXn7CDSbGOhmP1xXGMaw,2023-08-04 06:29:26.02-07,4,f,vegetation,
jonfroehlich,592,5,7555,Leschi,Obstacle,47.607357025146484,-122.28509521484375,PJtXn7CDSbGOhmP1xXGMaw,2023-08-04 06:29:30.605-07,3,f,trash/recycling can,
jonfroehlich,595,5,7555,Leschi,SurfaceProblem,47.60719299316406,-122.28514099121094,qfARequUIttybTlk299Mvw,2023-08-04 06:29:54.902-07,1,f,grass,
jonfroehlich,596,5,7555,Leschi,Obstacle,47.6070671081543,-122.28520202636719,qfARequUIttybTlk299Mvw,2023-08-04 06:30:08.254-07,5,f,,Large rock/boulder in sidewalk
jonfroehlich,598,5,7555,Leschi,SurfaceProblem,47.607059478759766,-122.28511810302734,6C8zMJQd88Jlv34EbzzZbA,2023-08-04 06:30:31.164-07,2,f,height difference,
jonfroehlich,597,5,7555,Leschi,SurfaceProblem,47.60714340209961,-122.28508758544922,qfARequUIttybTlk299Mvw,2023-08-04 06:30:24.921-07,1,f,utility panel,
jonfroehlich,599,5,7555,Leschi,Obstacle,47.60694122314453,-122.28511810302734,6C8zMJQd88Jlv34EbzzZbA,2023-08-04 06:30:54.771-07,2,f,pole,
jonfroehlich,600,5,7555,Leschi,Obstacle,47.60693359375,-122.28521728515625,VSQdttDC1uuPQ2koKdGaQA,2023-08-04 06:31:01.341-07,5,f,trash/recycling can,
jonfroehlich,601,5,7555,Leschi,Obstacle,47.60688781738281,-122.28524017333984,VSQdttDC1uuPQ2koKdGaQA,2023-08-04 06:31:05.342-07,5,f,trash/recycling can,
jonfroehlich,602,5,7555,Leschi,SurfaceProblem,47.60686492919922,-122.28517150878906,VSQdttDC1uuPQ2koKdGaQA,2023-08-04 06:31:10.632-07,1,f,cracks,
jonfroehlich,603,5,7555,Leschi,SurfaceProblem,47.606849670410156,-122.28515625,VSQdttDC1uuPQ2koKdGaQA,2023-08-04 06:31:13.687-07,1,f,cracks,
jonfroehlich,604,5,7555,Leschi,Obstacle,47.60690689086914,-122.28511810302734,VSQdttDC1uuPQ2koKdGaQA,2023-08-04 06:31:19.138-07,4,f,trash/recycling can,
jonfroehlich,605,5,7555,Leschi,SurfaceProblem,47.60694885253906,-122.28515625,VSQdttDC1uuPQ2koKdGaQA,2023-08-04 06:31:24.494-07,1,f,utility panel,
jonfroehlich,606,5,7555,Leschi,SurfaceProblem,47.6069221496582,-122.2851333618164,VSQdttDC1uuPQ2koKdGaQA,2023-08-04 06:31:29.443-07,1,f,utility panel,
jonfroehlich,607,5,7555,Leschi,SurfaceProblem,47.606971740722656,-122.28518676757812,VSQdttDC1uuPQ2koKdGaQA,2023-08-04 06:31:34.765-07,1,f,utility panel,
jonfroehlich,608,5,7555,Leschi,SurfaceProblem,47.60698699951172,-122.28520202636719,VSQdttDC1uuPQ2koKdGaQA,2023-08-04 06:31:36.948-07,1,f,utility panel,
jonfroehlich,609,5,7555,Leschi,Obstacle,47.60755157470703,-122.28504943847656,nw-c6nqgCaA_Tn1uK1yMCA,2023-08-04 06:32:06.396-07,,f,trash/recycling can,
jonfroehlich,610,6,4144,Bryant,NoCurbRamp,47.66484451293945,-122.28695678710938,3EKlG6OPP5MCvgbOX5UDQQ,2023-08-04 06:40:00.614-07,5,f,no alternate route,
jonfroehlich,611,6,5713,Bryant,NoCurbRamp,47.66482162475586,-122.28691864013672,3EKlG6OPP5MCvgbOX5UDQQ,2023-08-04 06:40:06.194-07,5,f,no alternate route,
jonfroehlich,612,6,5713,Bryant,CurbRamp,47.664859771728516,-122.28679656982422,3EKlG6OPP5MCvgbOX5UDQQ,2023-08-04 06:40:15.933-07,3,f,"points into traffic,missing tactile warning","You could debate adding a missing curb ramp to this intersection but this ""diagonal"" ramp is intended to serve both directions"
jonfroehlich,641,6,4144,Bryant,NoCurbRamp,47.66484832763672,-122.28785705566406,KnZrYzS8CnsQP7MamK6u9g,2023-08-04 06:47:00.324-07,5,f,no alternate route,
jonfroehlich,613,6,4145,Bryant,CurbRamp,47.66495132446289,-122.28675842285156,3EKlG6OPP5MCvgbOX5UDQQ,2023-08-04 06:40:53.323-07,3,f,"points into traffic,missing tactile warning",
jonfroehlich,614,6,4144,Bryant,NoCurbRamp,47.66494369506836,-122.28694152832031,7P4Oy3bIU0vTqUI5H2YtWw,2023-08-04 06:41:09.41-07,5,f,no alternate route,
jonfroehlich,615,6,4144,Bryant,NoCurbRamp,47.66496276855469,-122.28691101074219,BvJYLTpN99NcB7AGrNxiNg,2023-08-04 06:41:30.018-07,5,f,no alternate route,
jonfroehlich,616,6,4144,Bryant,NoCurbRamp,47.66493225097656,-122.28693389892578,BvJYLTpN99NcB7AGrNxiNg,2023-08-04 06:41:34.111-07,5,f,no alternate route,
jonfroehlich,617,6,4144,Bryant,SurfaceProblem,47.664947509765625,-122.28688049316406,VRQzctEEUdy8XtBP7_aKtA,2023-08-04 06:42:09.193-07,1,f,"cracks,grass",
jonfroehlich,619,6,4144,Bryant,SurfaceProblem,47.664947509765625,-122.28688049316406,VRQzctEEUdy8XtBP7_aKtA,2023-08-04 06:42:22.018-07,1,f,cracks,
jonfroehlich,620,6,5710,Bryant,Occlusion,47.6650390625,-122.28681182861328,MN4MpzSIM0wRrY6jDMaCpQ,2023-08-04 06:42:29.303-07,,f,,
jonfroehlich,621,6,5710,Bryant,SurfaceProblem,47.665138244628906,-122.28679656982422,47N-BN5Vhl6PqcGwqMqWCQ,2023-08-04 06:42:37.565-07,1,f,height difference,
jonfroehlich,622,6,5710,Bryant,SurfaceProblem,47.66516876220703,-122.28678131103516,47N-BN5Vhl6PqcGwqMqWCQ,2023-08-04 06:42:52.907-07,1,f,,
jonfroehlich,623,6,5710,Bryant,SurfaceProblem,47.66517639160156,-122.2867660522461,47N-BN5Vhl6PqcGwqMqWCQ,2023-08-04 06:42:55.204-07,1,f,height difference,
jonfroehlich,624,6,5710,Bryant,Occlusion,47.665252685546875,-122.28691101074219,Nn91IR50FnZortXPIc9T_Q,2023-08-04 06:43:05.344-07,,f,,
jonfroehlich,625,6,5710,Bryant,SurfaceProblem,47.66529083251953,-122.28692626953125,g8f8DmUQDuiXY9A7vGCBgg,2023-08-04 06:43:16.101-07,4,f,"height difference,uneven/slanted",
jonfroehlich,626,6,5710,Bryant,Obstacle,47.66546630859375,-122.28694915771484,g8f8DmUQDuiXY9A7vGCBgg,2023-08-04 06:43:26.088-07,2,f,vegetation,
jonfroehlich,642,6,4144,Bryant,NoCurbRamp,47.66492462158203,-122.2878646850586,KnZrYzS8CnsQP7MamK6u9g,2023-08-04 06:47:03.476-07,5,f,no alternate route,
jonfroehlich,627,6,4144,Bryant,SurfaceProblem,47.664955139160156,-122.2870864868164,5k1O0HwJ_kfDLVQDOzECmA,2023-08-04 06:44:35.094-07,2,f,"height difference,uneven/slanted",
jonfroehlich,628,6,4144,Bryant,SurfaceProblem,47.66497802734375,-122.28730010986328,5VcmELhb1EZ4ZilHOg_Xng,2023-08-04 06:45:00.923-07,1,f,grass,
jonfroehlich,629,6,4144,Bryant,Occlusion,47.66482925415039,-122.28733825683594,AiD4fQ-XXALsgt1EC1-OlQ,2023-08-04 06:45:11.542-07,,f,,
jonfroehlich,630,6,4144,Bryant,SurfaceProblem,47.664947509765625,-122.28730010986328,AiD4fQ-XXALsgt1EC1-OlQ,2023-08-04 06:45:15.203-07,3,f,"height difference,uneven/slanted",
jonfroehlich,631,6,4144,Bryant,SurfaceProblem,47.66496658325195,-122.28760528564453,AiD4fQ-XXALsgt1EC1-OlQ,2023-08-04 06:45:25.475-07,3,f,"height difference,uneven/slanted",
jonfroehlich,632,6,4144,Bryant,SurfaceProblem,47.66498565673828,-122.2875747680664,AiD4fQ-XXALsgt1EC1-OlQ,2023-08-04 06:45:29.491-07,1,f,height difference,
jonfroehlich,633,6,4144,Bryant,SurfaceProblem,47.664859771728516,-122.28738403320312,EAxsrveiaex45Eo0Y7W1Tg,2023-08-04 06:45:41.079-07,1,f,height difference,
jonfroehlich,634,6,4144,Bryant,SurfaceProblem,47.66484832763672,-122.28736877441406,EAxsrveiaex45Eo0Y7W1Tg,2023-08-04 06:45:42.842-07,1,f,grass,
jonfroehlich,635,6,4144,Bryant,SurfaceProblem,47.66481399536133,-122.28746032714844,EAxsrveiaex45Eo0Y7W1Tg,2023-08-04 06:45:48.117-07,1,f,height difference,
jonfroehlich,636,6,4144,Bryant,Occlusion,47.66498565673828,-122.28758239746094,vRHlImKWFTDcU_gY25BY9Q,2023-08-04 06:45:59.826-07,,f,,
jonfroehlich,637,6,4144,Bryant,SurfaceProblem,47.664817810058594,-122.28771209716797,I3F62umitZCYdFkAzHNvOg,2023-08-04 06:46:16.201-07,1,f,cracks,Very slight crack... probably not worth labeling
jonfroehlich,638,6,7065,Bryant,NoCurbRamp,47.66482162475586,-122.28801727294922,KnZrYzS8CnsQP7MamK6u9g,2023-08-04 06:46:41.031-07,5,f,no alternate route,
jonfroehlich,639,6,4147,Bryant,NoCurbRamp,47.66484069824219,-122.2880630493164,KnZrYzS8CnsQP7MamK6u9g,2023-08-04 06:46:47.601-07,5,f,no alternate route,
jonfroehlich,640,6,7065,Bryant,NoCurbRamp,47.664825439453125,-122.28790283203125,KnZrYzS8CnsQP7MamK6u9g,2023-08-04 06:46:56.63-07,5,f,no alternate route,
jonfroehlich,643,6,7062,Bryant,NoCurbRamp,47.664955139160156,-122.28788757324219,KnZrYzS8CnsQP7MamK6u9g,2023-08-04 06:47:06.422-07,5,f,no alternate route,
jonfroehlich,644,6,7062,Bryant,SurfaceProblem,47.66495132446289,-122.28788757324219,KnZrYzS8CnsQP7MamK6u9g,2023-08-04 06:47:13.128-07,2,f,"height difference,uneven/slanted",
jonfroehlich,645,6,7062,Bryant,NoCurbRamp,47.66496658325195,-122.28800964355469,KnZrYzS8CnsQP7MamK6u9g,2023-08-04 06:47:22.358-07,5,f,no alternate route,
jonfroehlich,646,6,4147,Bryant,NoCurbRamp,47.66493606567383,-122.28804016113281,KnZrYzS8CnsQP7MamK6u9g,2023-08-04 06:47:27.606-07,5,f,no alternate route,
jonfroehlich,647,6,4144,Bryant,SurfaceProblem,47.66482925415039,-122.28784942626953,KnZrYzS8CnsQP7MamK6u9g,2023-08-04 06:47:38.561-07,1,f,"uneven/slanted,height difference",
